ID,Last,First
shilm801,Shildt,Mike
venaw001,Venable,Will
maiem001,Maier,Mitch
willr004,Willits,Reggie
schus001,Schumaker,Skip
dillj001,Dillon,Joe
priec001,Prieto,Chris
atchs001,Atchison,Scott
snydk001,Snyder,Kyle
wathd001,Wathan,Dusty
florj001,Flores,Jose
priom001,Prior,Mark
santr002,Santiago,Ramon
cinta001,Cintron,Alex
barka001,Barkett,Andy
hickj001,Hicks,John
salaj002,Salazar,Jeff
clarh001,Clark,Howie
thamm001,Thames,Marcus
murpp801,Murphy,Pat
greea001,Green,Andy
bardj001,Bard,Josh
baldr001,Baldelli,Rocco
cashk001,Cash,Kevin
zinta001,Zinter,Alan
evera001,Everett,Adam
hinse001,Hinske,Eric
browd801,Brown,Daren
hillt801,Hillman,Trey
hydeb801,Hyde,Brandon
defrt801,DeFrancesco,Tony
tremd801,Trembley,Dave
actam801,Acta,Manny
pricb801,Price,Bryan
quadm801,Quade,Mike
gonzf801,Gonzalez,Fredi
toscc801,Tosca,Carlos
littg801,Little,Grady
miled801,Miley,Dave
mclaj801,McLaren,John
snitb801,Snitker,Brian
davip801,Davis,Paul
belta001,Beltre,Adrian
bertj001,Berti,Jon
meanj001,Means,John
casth001,Castro,Harold
sosae001,Sosa,Edmundo
johns002,Johnson,Sherman
shefj001,Sheffield,Justus
hallm002,Hall,Matt
stram002,Straw,Myles
turns003,Turnbull,Spencer
wiecb001,Wieck,Brad
stewd002,Stewart,D.J.
burdn001,Burdi,Nick
johnd005,Johnson,DJ
lopey001,Lopez,Yoan
stewc002,Stewart,Christin
avela001,Avelino,Abiatal
hudsj002,Hudson,Joe
ortil002,Ortiz,Luis
mcgur002,McGuire,Reese
davij007,Davis,Jonathan
deetd001,Deetz,Dean
kramk001,Kramer,Kevin
mcgok002,McGowin,Kyle
pelhc001,Pelham,C.D.
tellr001,Tellez,Rowdy
guerg001,Guerrero,Gabriel
hanhe001,Hanhold,Eric
wrigk001,Wright,Kyle
ciufn001,Ciuffo,Nick
cordr001,Cordell,Ryan
trahb001,Trahan,Blake
brigj002,Brigham,Jeff
frarc001,Frare,Caleb
haase001,Haase,Eric
reyep001,Reyes,Pablo
tarps001,Tarpley,Stephen
velaa001,Velazquez,Andrew
vilom001,Viloria,Meibrys
willa003,Williams,Austen
fernj005,Fernandez,Jose
guert002,Guerrieri,Taylor
jamej002,James,Josh
sadzc001,Sadzeck,Connor
taylb003,Taylor,Beau
vasqa002,Vasquez,Andrew
garca006,Garcia,Aramis
hamii001,Hamilton,Ian
shawc001,Shaw,Chris
wickr001,Wick,Rowan
lugod001,Lugo,Dawel
rogej003,Rogers,Josh
urial001,Urias,Luis
smitm008,Smith,Murphy
burrr002,Burr,Ryan
kopem001,Kopech,Michael
valdf001,Valdez,Framber
gonss001,Gonsalves,Stephen
newbj001,Newberry,Jake
wilsb003,Wilson,Bryse
aquia001,Aquino,Aristides
shafj001,Shafer,Justin
zamod001,Zamora,Daniel
buttt001,Buttrey,Ty
morao001,Morales,Osmer
newmk001,Newman,Kevin
deana001,Dean,Austin
wardt002,Ward,Taylor
jansd001,Jansen,Danny
reids001,Reid-Foley,Sean
toust001,Toussaint,Touki
stewk001,Stewart,Kohl
wisdp001,Wisdom,Patrick
mullc002,Mullins,Cedric
nix-j002,Nix,Jacob
pannt001,Pannone,Thomas
soboc001,Sobotka,Chad
mccra001,McCreery,Adam
parsw001,Parsons,Wes
garca005,Garcia,Adolis
kennb001,Kennedy,Brett
jerew001,Jerez,Williams
wingt001,Wingenter,Trey
loweb001,Lowe,Brandon
adamc002,Adams,Chance
reyej004,Reyes,Jesus
laurr001,Laureano,Ramon
cordj001,Cordero,Jimmy
carrc004,Carroll,Cody
mcraa001,McRae,Alex
allak001,Allard,Kolby
galli001,Galloway,Isaac
ohear001,O'Hearn,Ryan
sprij001,Springs,Jeffrey
hudsd002,Hudson,Dakota
arcif001,Arcia,Francisco
perem005,Perez,Michael
suarr001,Suarez,Ranger
mcnej002,McNeil,Jeff
poncd001,Poncedeleon,Daniel
hampg001,Hampson,Garrett
willj006,Williams,Justin
festm001,Festa,Matt
votha001,Voth,Austin
bleij001,Bleich,Jeremy
norwj001,Norwood,James
perec004,Perez,Cionel
burnc002,Burnes,Corbin
deloe001,De Los Santos,Enyel
gagnd001,Gagnon,Drew
blacr001,Black,Ray
duggs001,Duggar,Steven
tuckk001,Tucker,Kyle
phile001,Phillips,Evan
andet003,Anderson,Tanner
krehj001,Krehbiel,Joey
orf-n001,Orf,Nate
astuw001,Astudillo,Willians
lopep002,Lopez,Pablo
fry-p001,Fry,Paul
meisr001,Meisinger,Ryan
borur001,Borucki,Ryan
basht001,Bashlor,Tyler
unded001,Underwood,Duane
fillh001,Fillmyer,Heath
kaczk001,Kaczmarski,Kevin
stocr001,Stock,Robert
smitd009,Smith,Drew
almoy001,Almonte,Yency
davia003,Davis,Austin
wilks001,Wilkerson,Steve
gravb001,Graves,Brett
jewej001,Jewell,Jake
loaij001,Loaisiga,Jonathan
trevj001,Trevino,Jose
fletd002,Fletcher,David
ramiy001,Ramirez,Yefry
howas002,Howard,Sam
vastj001,Vasto,Jerry
greeg801,Greer,George
fernj004,Fernandez,Jose Miguel
bauej001,Bauers,Jake
beekj001,Beeks,Jalen
meyeb002,Meyer,Ben
castd002,Castillo,Diego
fergc001,Ferguson,Caleb
martn003,Martini,Nick
littz001,Littell,Zack
wynna001,Wynns,Austin
baezs001,Baez,Sandy
rodrj005,Rodriguez,Jefry
castj007,Castillo,Jose
gomba001,Gomber,Austin
cozed001,Cozens,Dylan
lockw001,Lockett,Walker
santd003,Santana,Dennis
biebs001,Bieber,Shane
rodrr009,Rodriguez,Ronny
petet001,Peterson,Tim
waldm001,Walding,Mitch
rodrd001,Rodriguez,Dereck
schuj002,Schultz,Jaime
peted002,Peterson,Dustin
skolm001,Skole,Matt
bricj001,Briceno,Jose
gonza006,Gonzalez,Alfredo
andrj001,Andreoli,John
adamw002,Adames,Willy
dixob001,Dixon,Brandon
sotoj001,Soto,Juan
cavej001,Cave,Jake
juraa001,Jurado,Ariel
hermm001,Hermosillo,Michael
meada001,Meadows,Austin
reyef001,Reyes,Franmil
mannb001,Mann,Brandon
peraf001,Peralta,Freddy
hessd001,Hess,David
guill001,Guillorme,Luis
herne002,Hernandez,Elieser
hancj002,Hancock,Justin
conlp001,Conlon,P.J.
domis001,Dominguez,Seranthony
greig001,Greiner,Grayson
adamj002,Adam,Jason
guerj004,Guerra,Javier
romef001,Romero,Fernando
sorom001,Soroka,Michael
suerw002,Suero,Wander
barls001,Barlow,Scott
kingn001,Kingham,Nick
valej006,Valentin,Jesmuel
oakst001,Oaks,Trevor
sneld001,Snelten,D.J.
herrr002,Herrera,Rosell
acunr001,Acuna,Ronald
oswac001,Oswalt,Corey
palkd001,Palka,Daniel
stoue001,Stout,Eric
lauee001,Lauer,Eric
andej005,Anderson,Justin
musgh001,Musgrave,Harrison
cuevn001,Cuevas,Noel
torrg001,Torres,Gleyber
biddj001,Biddle,Jesse
boted002,Bote,David
gerbm001,Gerber,Mike
gurrl001,Gurriel,Lourdes
gonzm007,Gonzalez,Merandy
oneit001,O'Neill,Tyler
bautg001,Bautista,Gerson
trivl001,Trivino,Lou
viscj901,Visconti,Jansen
nottj001,Nottingham,Jacob
fielj003,Field,Johnny
guzmr001,Guzman,Ronald
viele001,Vielma,Engelb
brewc002,Brewer,Colten
weisz001,Weiss,Zack
barrj003,Barria,Jaime
suara002,Suarez,Andrew
beedt001,Beede,Tyler
blana002,Blandino,Alex
kinei001,Kiner-Falefa,Isiah
raint003,Rainey,Tanner
rehaj901,Rehak,Jeremie
kinlt001,Kinley,Tyler
holmc001,Holmes,Clay
richt001,Richards,Trevor
carpr001,Carpenter,Ryan
chiry001,Chirinos,Yonny
reyev001,Reyes,Victor
waldm002,Walden,Marcus
araup001,Araujo,Pedro
bardl001,Bard,Luke
cortn001,Cortes,Nestor
poynb001,Poyner,Bobby
toccc001,Tocci,Carlos
yarbr001,Yarbrough,Ryan
kings001,Kingery,Scott
lee-b001,Lee,Braxton
luccj001,Lucchesi,Joey
makik001,Makita,Kazuhisa
mckib001,McKinney,Billy
cimba001,Cimber,Adam
hickj002,Hicks,Jordan
hillt002,Hill,Tim
hiray001,Hirano,Yoshihisa
kellb003,Keller,Brad
munoy001,Munoz,Yairo
ohtas001,Ohtani,Shohei
albej801,Albert,Jeff
haina801,Haines,Andy
locat001,Locastro,Tim
mellk001,Mella,Keury
scott003,Scott,Tanner
villc002,Villanueva,Christian
wilka003,Wilkerson,Aaron
tsenj001,Tseng,Jen-Ho
nidot001,Nido,Tomas
aranv001,Arano,Victor
calhw001,Calhoun,Willie
mcgud001,McGuire,Deck
moyag001,Moya,Gabriel
hannj002,Hannemann,Jacob
davit004,Davis,Taylor
evanp001,Evans,Phillip
buehw001,Buehler,Walker
haysa001,Hays,Austin
roblv001,Robles,Victor
gohal001,Gohara,Luiz
jimea001,Jimenez,Antonio Jamil
willt003,Williams,Taylor
alcav001,Alcantara,Victor
crawj002,Crawford,J.P.
fry-j001,Fry,Jace
gomer002,Gomez,Roberto
moror001,Moronta,Reyes
valeb001,Valera,Breyvic
lewia001,Lewicki,Artie
alcas001,Alcantara,Sandy
mapld001,Maples,Dillon
marjm001,Marjama,Mike
readr002,Read,Raudy
callj001,Callahan,Jamie
castf003,Castillo,Fabio
dicko001,Dickson,O'Koyea
goodn002,Goodrum,Niko
jayem001,Jaye,Myles
macha003,Machado,Andres
rhamj001,Rhame,Jacob
rodrr008,Rodriguez,Richard
santl001,Santos,Luis
siscc001,Sisco,Chance
alleg002,Allen,Greg
andeb006,Anderson,Brian
flahj002,Flaherty,Jack
laboj001,Labourt,Jairo
mejif001,Mejia,Francisco
molls001,Moll,Sam
peted001,Peters,Dillon
ramic001,Ramirez,Carlos
urenr001,Urena,Richard
verda001,Verdugo,Alex
vincz001,Vincej,Zach
freid001,Freitas,David
mahlt001,Mahle,Tyler
reinz001,Reininger,Zac
wallc001,Wallach,Chad
taijt001,Taijeron,Travis
curtj003,Curtiss,John
sherr001,Sherriff,Ryan
sanca008,Sanchez,Angel
chaca001,Chacin,Alejandro
minta001,Minter,A.J.
gardn001,Gardewine,Nick
mcgok001,McGowan,Kevin
riosy001,Rios,Yacksel
sherj001,Sherfy,Jimmie
garvm001,Garver,Mitch
lucaj001,Lucas,Josh
santa003,Santander,Anthony
slega001,Slegers,Aaron
mayzt001,Mayza,Tim
rodrr007,Rodriguez,Ricardo
vieit001,Vieira,Thyago
mcmar001,McMahon,Ryan
rowlc001,Rowley,Chris
smitd008,Smith,Dominic
ennsd001,Enns,Dietrich
hoskr001,Hoskins,Rhys
colet001,Cole,Taylor
puelc001,Puello,Cesar
friem001,Fried,Max
gallc001,Gallagher,Cam
davij006,Davis,J.D.
woodb005,Woodruff,Brandon
mahrn901,Mahrley,Nick
albio001,Albies,Ozzie
anded003,Anderson,Drew
delmn001,Delmonico,Nicky
reinj001,Reinheimer,Jack
rosaa003,Rosario,Amed
simsl001,Sims,Lucas
farmk001,Farmer,Kyle
fedde001,Fedde,Erick
mcgrk001,McGrath,Kyle
moncc001,Moncrief,Carlos
scrit001,Scribner,Troy
therj001,Therrien,Jesen
luplj001,Luplow,Jordan
bumma001,Bummer,Aaron
flexc001,Flexen,Chris
badeh001,Bader,Harrison
dever001,Devers,Rafael
lloyk001,Lloyd,Kyle
paree002,Paredes,Edward
ruizj001,Ruiz,Jose
steva001,Stevenson,Andrew
banda001,Banda,Anthony
martk003,Martin,Kyle
kitta001,Kittredge,Andrew
smitc006,Smith,Caleb
adama002,Adams,Austin
coopg002,Cooper,Garrett
cabrn801,Cabrera,Nasusel
granz001,Granite,Zack
ograc001,O'Grady,Chris
gomem002,Gomez,Miguel
blacp001,Blackburn,Paul
farrl001,Farrell,Luke
frazc001,Frazier,Clint
jorgf001,Jorge,Felix
stepj002,Stephens,Jackson
sanca007,Sanchez,Adrian
sland001,Slania,Dan
sparg001,Sparkman,Glenn
willn001,Williams,Nick
fowld002,Fowler,Dustin
kolaa001,Kolarek,Adam
mejia002,Mejia,Alex
shack001,Shackelford,Kevin
vargi001,Vargas,Ildemaro
andum001,Andujar,Miguel
carav001,Caratini,Victor
hwanj001,Hwang,Jae-Gyun
smitc005,Smith,Chris
taucm001,Tauchman,Mike
wadet002,Wade,Tyler
bradc002,Bradford,Chasen
voitl001,Voit,Luke
barrf001,Barreto,Franklin
joner005,Jones,Ryder
lin-t001,Lin,Tzu-Wei
milnh001,Milner,Hoby
webbt001,Webb,Tyler
castl003,Castillo,Luis
hildt001,Hildenberger,Trevor
paree001,Paredes,Eduardo
parmi001,Parmley,Ian
crick001,Crick,Kyle
moora002,Moore,Andrew
povsm001,Povse,Max
zagum002,Zagunis,Mark
bradm002,Brady,Michael
perkc001,Perkins,Cameron
busea001,Busenitz,Alan
madda001,Maddox,Austin
chapm001,Chapman,Matt
fishd001,Fisher,Derek
gossd001,Gossett,Daniel
herrr001,Herrera,Ronald
washd001,Washington,David
brinl001,Brinson,Lewis
germd001,German,Domingo
matop002,Maton,Phil
turln001,Turley,Nik
yacaj001,Yacabonis,Jimmy
hadej001,Hader,Josh
newcs001,Newcomb,Sean
sante002,Santana,Edgar
lives901,Livensparger,Shane
brugj001,Brugman,Jaycob
frans001,Frankoff,Seth
martf003,Martes,Francis
farij001,Faria,Jacob
torrr002,Torres,Ramon
philb002,Phillips,Brett
goldb001,Goldberg,Brad
liveb001,Lively,Ben
rosar002,Rosario,Randy
slata001,Slater,Austin
smitt002,Smith,Tyler
gudur001,Guduan,Reymin
pintr002,Pinto,Ricardo
skoge001,Skoglund,Eric
wheej001,Wheeler,Jason
woodh001,Wood,Hunter
brebj001,Brebbia,John
dejop001,DeJong,Paul
leona002,Leon,Arcenio
cordf003,Cordero,Franchy
engea001,Engel,Adam
pillt001,Pill,Tyler
libkj901,Libka,John
lamed001,Lamet,Dinelson
jankj001,Jankowski,Jordan
stecd001,Steckenrider,Drew
travs001,Travis,Sam
fontn001,Fontana,Nolan
addir901,Additon,Ryan
alfoa002,Alford,Anthony
espip001,Espino,Paolo
johnp001,Johnson,Pierce
smitd007,Smith,Dwight
velah001,Velazquez,Hector
bibea001,Bibens-Dirkx,Austin
zimmb001,Zimmer,Bradley
stanr002,Stanek,Ryne
happi001,Happ,Ian
gallg001,Gallegos,Giovanny
gavis001,Gaviglio,Sam
bellc003,Bell,Chad
ohlmm001,Ohlman,Mike
bostc001,Bostick,Christopher
sierm002,Sierra,Magneuris
middk001,Middleton,Keynan
alvaj004,Alvarado,Jose
pagae001,Pagan,Emilio
wahlb001,Wahl,Bobby
bautr001,Bautista,Rafael
bormj001,Bormann,John
piven001,Pivetta,Nick
ortid002,Ortiz,Danny
poweb002,Powell,Boog
leitm002,Leiter,Mark
ngoeg001,Ngoepe,Gift
bellc002,Bellinger,Cody
arroc001,Arroyo,Christian
herna004,Hernandez,Ariel
hu--c002,Hu,Chih-Wei
neved001,Neverauskas,Dovydas
ervip001,Ervin,Phillip
bonij002,Bonifacio,Jorge
osunj001,Osuna,Jose
crics001,Crichton,Stefan
romas001,Romano,Sal
carls002,Carle,Shane
coved001,Covey,Dylan
garcj006,Garcia,Jarlin
garcw001,Garcia,Willy
winkj002,Winker,Jesse
jimej003,Jimenez,Joe
junij001,Junis,Jake
montj004,Montgomery,Jordan
camaj001,Camargo,Johan
riddj001,Riddle,J.T.
higak001,Higashioka,Kyle
hausm001,Hauschild,Mike
lawrc001,Lawrence,Casey
sewap001,Sewald,Paul
garra001,Garrett,Amir
taylb002,Taylor,Ben
davir004,Davis,Rookie
knapa001,Knapp,Andrew
senza001,Senzatela,Antonio
turns002,Turner,Stuart
dejoc001,De Jong,Chase
halej001,Haley,Justin
robid003,Robinson,Drew
freek001,Freeland,Kyle
may-j001,May,Jacob
robed004,Robertson,Daniel
astib001,Astin,Barrett
corda001,Cordoba,Allen
diazm004,Diaz,Miguel
diazy001,Diaz,Yandy
stasb001,Stassi,Brock
torrl001,Torrens,Luis
pruia001,Pruitt,Austin
alguj801,Alguacil,Jose
diazt801,Diaz,Tony
haslc801,Hasler,Curt
reedm801,Reed,Marty
smitj801,Smith,Jeff
tread801,Treanor,Dean
washj801,Washington,Jay
kiebs001,Kieboom,Spencer
pluta001,Plutko,Adam
querj001,Querecuto,Juniel
torrj001,Torres,Jose
asuac001,Asuaje,Carlos
margm001,Margot,Manuel
renfh001,Renfroe,Hunter
manct001,Mancini,Trey
ruizr002,Ruiz,Rio
alfaj002,Alfaro,Jorge
dozih001,Dozier,Hunter
nuner001,Nunez,Renato
olsom001,Olson,Matt
voged001,Vogelbach,Daniel
ceccg002,Cecchini,Gavin
quinr003,Quinn,Roman
rodrj004,Rodriguez,Joely
berej003,Beresford,James
smitb006,Smith,Blake
kochm001,Koch,Matt
mccak002,McCarthy,Kevin
marqg001,Marquez,German
pattj005,Patterson,Jordan
pauld002,Paulino,David
cottj001,Cotton,Jharel
smitj005,Smith,Jake
willt002,Williams,Trevor
martj008,Martinez,Jose
valap001,Valaika,Pat
alcar001,Alcantara,Raul
blact002,Blach,Ty
kellc002,Kelly,Carson
mendy001,Mendez,Yohander
delej003,De Leon,Jose
peraw002,Peralta,Wandy
bradj002,Bradley,Jed
dermm001,Dermody,Matt
jensk001,Jensen,Kyle
mantj002,Mantiply,Joe
martk002,Marte,Kelvin
rodgb001,Rodgers,Brady
gambe001,Gamboa,Eddie
gratj001,Graterol,Juan
holdj002,Holder,Jonathan
hoodd001,Hood,Destin
moncy001,Moncada,Yoan
scotr001,Scott,Robby
tapir001,Tapia,Raimel
minaj001,Minaya,Juan
smitk002,Smith,Kevan
eschj001,Esch,Jake
garnp002,Garner,Perci
wendj002,Wendle,Joey
jonej006,Jones,JaCoby
altad001,Altavilla,Dan
campv001,Campos,Vicente
cards001,Cardullo,Stephen
hellb001,Heller,Ben
wimma001,Wimmers,Alex
gselr001,Gsellman,Robert
bridp001,Bridwell,Parker
gurry001,Gurriel,Yulieski
hoffj003,Hoffman,Jeff
kivlp001,Kivlehan,Patrick
mejia001,Mejia,Adalberto
pindc001,Pinder,Chad
penaf002,Pena,Felix
smokj001,Smoker,Josh
suteb001,Suter,Brent
zastr001,Zastryzny,Rob
swand001,Swanson,Dansby
hanim001,Haniger,Mitch
magnd001,Magnifico,Damien
austt001,Austin,Tyler
hursj004,Hursh,Jason
judga001,Judge,Aaron
weavl001,Weaver,Luke
ynoag001,Ynoa,Gabriel
brica001,Brice,Austin
caram001,Carasiti,Matt
hernt002,Hernandez,Teoscar
gustj001,Gustave,Jandel
rivet001,Rivera,T.J.
reyea004,Reyes,Alex
seger001,Segedin,Rob
younm005,Younginer,Madison
goodb001,Goodwin,Brian
thomj007,Thompson,Jake
hoytj001,Hoyt,James
whalr001,Whalen,Rob
arcio002,Arcia,Orlando
barnd002,Barnes,Danny
benia002,Benintendi,Andrew
musgj001,Musgrove,Joe
rendt001,Renda,Tony
tilsc001,Tilson,Charlie
haths001,Hathaway,Steve
morom001,Moroff,Max
stram001,Strahm,Matt
hereg002,Heredia,Guillermo
rondj002,Rondon,Jose
brega001,Bregman,Alex
dahld001,Dahl,David
shipb001,Shipley,Braden
mayem001,Mayers,Mike
maxwb001,Maxwell,Bruce
daytg001,Dayton,Grant
glovk001,Glover,Koda
loper003,Lopez,Reynaldo
freem002,Freeman,Mike
fulmc001,Fulmer,Carson
hartd002,Hart,Donnie
narvo001,Narvaez,Omar
perey002,Perez,Yefri
baumb001,Baumann,Buddy
gonze004,Gonzalez,Erik
healr001,Healy,Ryon
rosaa002,Rosario,Alberto
bellj005,Bell,Josh
coloj002,Colon,Joseph
tolea001,Toles,Andrew
flord002,Floro,Dylan
glast001,Glasnow,Tyler
leclj001,Leclerc,Jose
braus002,Brault,Steven
pounb001,Pounders,Brooks
schup001,Schuster,Patrick
aquij001,Aquino,Jayson
molld001,Molleken,Dustin
candj002,Candelario,Jeimer
miraa002,Miranda,Ariel
moris001,Morimando,Shawn
lugos001,Lugo,Seth
delaj003,de la Cruz,Joel
stewb001,Stewart,Brock
gioll001,Giolito,Lucas
cabrm003,Cabrera,Mauricio
millm003,Miller,Mike
kuhlc001,Kuhl,Chad
nimmb001,Nimmo,Brandon
overd001,Overton,Dillon
reeda002,Reed,A.J.
fraza001,Frazier,Adam
ramoe002,Ramos,Edubray
jenkt001,Jenkins,Tyrell
concg001,Concepcion,Gerardo
stalj001,Stallings,Jacob
reedc002,Reed,Cody
sampa001,Sampson,Adrian
contw001,Contreras,Willson
efliz001,Eflin,Zach
schir001,Schimpf,Ryan
ynoam001,Ynoa,Michael
andet002,Anderson,Tyler
charj001,Chargois,J.T.
danit001,Danish,Tyler
mengd001,Mengden,Daniel
andet001,Anderson,Tim
tailj001,Taillon,Jameson
almoa002,Almora,Albert
diaze006,Diaz,Edwin
coatj001,Coats,Jason
barnj002,Barnes,Jacob
bleir001,Bleier,Richard
merrr001,Merritt,Ryan
strac001,Stratton,Chris
eibnb001,Eibner,Brett
uriaj001,Urias,Julio
gartr001,Garton,Ryan
tolla001,Tolliver,Ashur
kellt001,Kelly,Ty
morra002,Morris,A.J.
sturt002,Sturdevant,Tyler
wrigd003,Wright,Daniel
hoyij001,Hoying,Jared
diazd001,Diaz,Dayan
purkm001,Purke,Matt
selss001,Selsky,Steve
boscw001,Boscan,Wilfredo
clevm001,Clevinger,Mike
merrw001,Merrifield,Whit
milla003,Mills,Alec
morac001,Moran,Colin
guert001,Guerrero,Tayron
kempt001,Kemp,Tony
reynm003,Reynolds,Matt
antod001,Antolin,Dustin
greec003,Green,Chad
hansa001,Hanson,Alen
mottt001,Motter,Taylor
mullc001,Mullee,Conor
kiekd001,Kiekhefer,Dean
saupw001,Saupold,Warwick
somsl001,Somsen,Layne
ortir901,Ortiz,Roberto
bushm001,Bush,Matt
joset001,Joseph,Tommy
deanp001,Dean,Pat
nealz001,Neal,Zach
burna003,Burns,Andy
suara001,Suarez,Albert
wendj001,Wendelken,J.B.
gameb001,Gamel,Ben
adlet001,Adleman,Tim
curtz001,Curtis,Zac
fulmm001,Fulmer,Michael
manas001,Manaea,Sean
berrj001,Berrios,Jose
lighp001,Light,Pat
triga001,Triggs,Andrew
blaia001,Blair,Aaron
ege-c001,Ege,Cody
estec001,Estevez,Carlos
snelb001,Snell,Blake
vargc002,Vargas,Cesar
giroc001,Girodo,Chad
dejer901,De Jesus,Ramon
cuevw001,Cuevas,William
hayed001,Hayes,Drew
lentn901,Lentz,Nic
okers001,Okert,Steven
wittn001,Wittgren,Nick
hernm003,Hernandez,Marco
law-d001,Law,Derek
roget001,Rogers,Taylor
mahlg001,Mahle,Greg
cervh001,Cervenka,Hunter
nichb001,Nicholas,Brett
smitm007,Smith,Mallex
buscm002,Buschmann,Matt
kim-h001,Kim,Hyun Soo
mazan001,Mazara,Nomar
melvt001,Melville,Tim
biagj001,Biagini,Joe
cessl001,Cessa,Luis
devec001,Devenski,Chris
strir001,Stripling,Ross
stepr002,Stephenson,Robert
stumd001,Stumpf,Daniel
bowmm001,Bowman,Matt
gantj002,Gant,John
goedt001,Goeddel,Tyler
maedk001,Maeda,Kenta
barbj001,Barbato,Johnny
barnt002,Barnette,Tony
choij001,Choi,Ji-Man
diaza003,Diaz,Aledmys
naqut001,Naquin,Tyler
whitt002,White,Tyler
woltt001,Wolters,Tony
barrj002,Barrett,Jake
blasj001,Blash,Jabari
lee-d004,Lee,Dae-Ho
parkb002,Park,Byung Ho
perdl002,Perdomo,Luis
rickj001,Rickard,Joey
stort001,Story,Trevor
walsc001,Walsh,Colin
iapoa801,Iapoce,Anthony
jarat801,Jaramillo,Tony
johnd801,Johnson,Derek
mashj801,Mashore,Justin
sparg801,Sparks,Greg
subec801,Subero,Carlos
hazej001,Hazelbaker,Jeremy
oh--s001,Oh,Seung Hwan
mondr003,Mondesi,Adalberto
sancg002,Sanchez,Gary
lopej004,Lopez,Jorge
keplm001,Kepler,Max
housa001,Houser,Adrian
reedm001,Reed,Michael
barry001,Barrios,Yhonathan
tartt001,Tartamella,Travis
willm008,Williamson,Mac
rivey001,Rivera,Yadiel
broxk001,Broxton,Keon
winkd001,Winkler,Dan
sevep001,Severino,Pedro
browt002,Brown,Trevor
duffm003,Duffy,Matt
jackj001,Jackson,Jay
bandj001,Bandy,Jett
deckc001,Decker,Cody
torrr001,Torreyes,Ronald
diaze005,Diaz,Elias
murpt002,Murphy,Tom
obrip002,O'Brien,Peter
ashln001,Ashley,Nevin
baros002,Baron,Steven
ogann001,Ogando,Nefi
brits001,Brito,Socrates
weber001,Weber,Ryan
edwac001,Edwards,Carl
blaic001,Blair,Carson
galer002,Gale,Rocky
cabrr001,Cabrera,Ramon
lazor001,Lazo,Raudel
pazoj001,Pazos,James
penaa003,Pena,Ariel
sotog002,Soto,Giovanni
jackl001,Jackson,Luke
zycht001,Zych,Tony
hallc001,Hall,Cody
seagc001,Seager,Corey
alexs001,Alexander,Scott
daviz001,Davies,Zach
montf001,Montas,Frankie
murrc002,Murray,Colton
noelr001,Noel,Rico
almom001,Almonte,Miguel
drurb001,Drury,Brandon
dullr001,Dull,Ryan
maill001,Maile,Luke
olivh001,Olivera,Hector
faula001,Faulkner,Andrew
ashea001,Asher,Alec
bracs001,Bracho,Silvino
gurkj001,Gurka,Jason
alvad002,Alvarez,Dariel
knudg001,Knudson,Guido
lamar001,LaMarre,Ryan
eickj001,Eickhoff,Jerad
jankt001,Jankowski,Travis
turnt001,Turner,Trea
garnd001,Garneau,Dustin
mcgos001,McGough,Scott
sweed001,Sweeney,Darnell
cowak001,Cowart,Kaleb
lambj002,Lamb,John
birdg001,Bird,Greg
rea-c001,Rea,Colin
peraj003,Peraza,Jose
armss001,Armstrong,Shawn
hessk001,Hessler,Keith
barrk002,Barraclough,Kyle
dicka001,Dickerson,Alex
dufft001,Duffey,Tyler
sevel001,Severino,Luis
strar001,Strausborger,Ryan
grayj003,Gray,Jon
owenh002,Owens,Henry
thomt002,Thompson,Trayce
ellib001,Ellington,Brian
shafr001,Shaffer,Richie
tomlk001,Tomlinson,Kelby
waldk002,Waldrop,Kyle
reedc001,Reed,Chris
markm001,Marksberry,Matt
martk001,Marte,Ketel
valdj003,Valdez,Jose
goodn001,Goody,Nick
sampk001,Sampson,Keyvius
cothc001,Cotham,Caleb
lee-z001,Lee,Zach
confm001,Conforto,Michael
godlz001,Godley,Zack
deloa001,de los Santos,Abel
johnb004,Johnson,Brian
nolaa001,Nola,Aaron
piscs001,Piscotty,Stephen
torrc901,Torres,Carlos
herno002,Hernandez,Oscar
refsr001,Refsnyder,Rob
salat001,Saladino,Tyler
cuthc001,Cuthbert,Cheslor
orour001,O'Rourke,Ryan
martj007,Marte,Jefry
ferrj001,Ferrell,Jeff
lollr001,Lollis,Ryan
rolld002,Rollins,David
coled002,Coleman,Dusty
osicj001,Osich,Josh
ramin002,Ramirez,Noe
banum001,Banuelos,Manny
sanom001,Sano,Miguel
hatlm001,Hatley,Marcus
brigj001,Brigham,Jake
kellr001,Kelly,Ryan
marrd001,Marrero,Deven
matzs001,Matz,Steven
murat001,Murata,Toru
boydm001,Boyd,Matt
guerd001,Guerra,Deolis
meyea001,Meyer,Alex
aro-j001,Aro,Jonathan
givem001,Givens,Mychal
rumbn001,Rumbelow,NIck
smitj004,Smith,Josh
mored001,Moreno,Diego
andec002,Anderson,Cody
burad001,Burawa,Danny
depaj004,De Paula,Jose
morga001,Morgan,Adam
nicoj001,Nicolino,Justin
wislm001,Wisler,Matt
castd001,Castro,Daniel
morra001,Morris,Akeel
schwk001,Schwarber,Kyle
buxtb001,Buxton,Byron
gottt001,Gott,Trevor
lindf001,Lindor,Francisco
broam001,Broadway,Mike
parkj002,Parker,Jarrett
guerj003,Guerra,Junior
willm007,Williams,Mason
conla001,Conley,Adam
kubik001,Kubitza,Kyle
velav001,Velasquez,Vincent
jungt001,Jungmann,Taylor
urshg001,Urshela,Giovanny
corrc001,Correa,Carlos
flork002,Flores,Kendry
rossj002,Ross,Joe
moscj001,Moscot,Jon
sches001,Schebler,Scott
vendp001,Venditte,Pat
field001,Fields,Daniel
cravt001,Cravy,Tyler
gallj002,Gallo,Joey
ibare001,Ibarra,Edgar
montm002,Montgomery,Mike
ravij001,Ravin,Josh
guaim001,Guaipe,Mayckol
felim001,Feliz,Michael
wagnt001,Wagner,Tyler
florr003,Flores,Ramon
gonzc002,Gonzalez,Chi Chi
albeh001,Alberto,Hanser
easle001,Easley,Ed
beckc002,Beck,Chris
rodre004,Rodriguez,Eduardo
gofod001,Goforth,David
lindj005,Lindgren,Jacob
machd001,Machado,Dixon
barna001,Barnes,Austin
drako001,Drake,Oliver
heats001,Heathcott,Slade
wilst004,Wilson,Tyler
cecid001,Ceciliani,Darrell
difow001,Difo,Wilmer
garca004,Garcia,Adonis
mccul002,McCullers,Lance
jennd801,Jennings,Dan
wrigm001,Wright,Mike
syndn001,Syndergaard,Noah
teper001,Tepera,Ryan
bella001,Bellatti,Andrew
casta004,Castro,Angel
perew001,Perez,Williams
shawt001,Shaw,Travis
tuckp001,Tucker,Preston
rosae001,Rosario,Eddie
araue001,Araujo,Elvis
perec003,Perez,Carlos
hedga001,Hedges,Austin
hinod001,Hinojosa,Dalier
robek002,Roberts,Ken
copes001,Copeland,Scott
swihb001,Swihart,Blake
coont001,Cooney,Tim
solis001,Solis,Sammy
burge002,Burgos,Enrique
cornj002,Cornely,John
leatj001,Leathersich,Jack
lorem002,Lorenzen,Michael
colea002,Cole,A.J.
gonzs001,Gonzalez,Severino
mazzc001,Mazzoni,Cory
stanc002,Stanley,Cody
harrm002,Harris,Mitch
muncm001,Muncy,Max
navar001,Navarro,Rey
roblh001,Robles,Hansel
gracm003,Grace,Matt
leona001,Leon,Arnold
dornd001,Dorn,Danny
plawk001,Plawecki,Kevin
rodoc001,Rodon,Carlos
russa002,Russell,Addison
blakr901,Blakney,Ryan
calio001,Calixte,Orlando
bretr001,Brett,Ryan
bryak001,Bryant,Kris
libea001,Liberatore,Adam
munod001,Muno,Danny
rivef001,Vazquez,Felipe
martr005,Martin,Rafael
pindb001,Pinder,Branden
tomay001,Tomas,Yasmany
maris001,Marimon,Sugar Ray
obers001,Oberg,Scott
urenj001,Urena,Jose
featt001,Featherston,Taylor
igler001,Iglesias,Raisel
mckia001,McKirahan,Andrew
rearc001,Rearick,Chris
schua001,Schugel,A.J.
brada001,Bradley,Archie
tracm001,Tracy,Matt
andrm001,Andriese,Matt
gilms001,Gilmartin,Sean
mahtm001,Mahtook,Mikie
orlap001,Orlando,Paulo
wojca001,Wojciechowski,Asher
canhm001,Canha,Mark
deshd002,DeShields,Delino
dyksa001,Dykstra,Allan
garcj005,Garcia,Jason
kangj001,Kang,Jung Ho
ladet001,Ladendorf,Tyler
nesba001,Nesbitt,Angel
osunr001,Osuna,Roberto
verrl001,Verrett,Logan
cunnb001,Cunniff,Brandon
kelak001,Kela,Keone
martc008,Martin,Cody
olsot002,Olson,Tyler
castm002,Castro,Miguel
grahj002,Graham,J.R.
herro001,Herrera,Odubel
johnm006,Johnson,Micah
travd001,Travis,Devon
emers801,Emerson,Scott
guerm801,Guerrero,Mike
hernr801,Hernandez,Rudy
livej801,Livesey,Jeff
pirej001,Pirela,Jose
brenb002,Brentz,Bryce
castr004,Castillo,Rusney
walkc002,Walker,Christian
could001,Coulombe,Daniel
bochb003,Bochy,Brett
hestc001,Heston,Chris
tropn001,Tropeano,Nick
barnm001,Barnes,Matt
phamt001,Pham,Tommy
rodrg002,Rodriguez,Guilder
tuivs001,Tuivailala,Sam
diazj006,Diaz,Jairo
jokie001,Jokisch,Eric
omals001,O'Malley,Shawn
finnb001,Finnegan,Brandon
gravk001,Graveman,Kendall
norrd002,Norris,Daniel
bonil001,Bonilla,Lisalverto
patts002,Patton,Spencer
rodry001,Rodriguez,Yorman
scrux001,Scruggs,Xavier
achta001,Achter,A.J.
alvad001,Alvarez,Dario
alvar001,Alvarez,R.J.
browg001,Brown,Gary
campl001,Campos,Leonel
corde001,Cordier,Erik
domic001,Dominguez,Chris
gonzm006,Gonzalez,Miguel
snods001,Snodgress,Scott
clarm003,Clark,Matt
dennr001,Dennick,Ryan
franm004,Franco,Maikel
goret001,Gore,Terrance
holdj001,Holdzkom,John
loper002,Lopez,Raffy
pompd001,Pompey,Dalton
rogej002,Rogers,Jason
adaml001,Adams,Lane
garcy001,Garcia,Yimi
goede001,Goeddel,Erik
mccaj001,McCann,James
moyas001,Moya,Steven
pedej001,Pederson,Joc
pricb001,Price,Bryan
smitc004,Smith,Carson
spanc001,Spangenberg,Cory
strih001,Strickland,Hunter
ynoar001,Ynoa,Rafael
wilka002,Wilkins,Andy
bassc001,Bassitt,Chris
ryank002,Ryan,Kyle
herrd002,Herrera,Dilson
rivec002,Rivero,Carlos
rua-r001,Rua,Ryan
escoe002,Escobar,Edwin
solej001,Soler,Jorge
willj005,Williams,Jackson
corcd001,Corcino,Daniel
telit001,Telis,Tomas
lobsk001,Lobstein,Kyle
garcf003,Garces,Frank
szczm001,Szczur,Matt
edwaj001,Edwards,Jon
mercm001,Mercedes,Melvin
hageb001,Hagens,Bradin
chafa001,Chafin,Andrew
claua001,Claudio,Alex
farmb001,Farmer,Buck
taylm002,Taylor,Michael
lirir001,Liriano,Rymer
butld001,Butler,Dan
mitcb001,Mitchell,Bryan
may-t001,May,Trevor
lambj001,Lamb,Jake
baezj001,Baez,Javier
nerih001,Neris,Hector
friac001,Frias,Carlos
foltm001,Foltynewicz,Mike
duffm002,Duffy,Matt
kleip001,Klein,Phil
ranaa001,Ranaudo,Anthony
vargk001,Vargas,Kennys
adamc001,Adames,Cristhian
burnb002,Burns,Billy
susaa001,Susac,Andrew
taylc001,Taylor,Chris
sanca006,Sanchez,Aaron
paulb001,Paulsen,Ben
thomt001,Thompson,Taylor
shrec001,Shreve,Chasen
verhd001,VerHagen,Drew
casac001,Casali,Curt
sancc001,Sanchez,Yolmer
adama001,Adams,Austin
hendk001,Hendricks,Kyle
perer003,Perez,Roberto
rucid001,Rucinski,Drew
westm002,West,Matt
alcaa001,Alcantara,Arismendy
vazqc001,Vazquez,Christian
mendr002,Mendez,Roman
wadat001,Wada,Tsuyoshi
smolj002,Smolinski,Jake
browb005,Brown,Brooks
holtt001,Holt,Tyler
belnv001,Belnome,Vince
wheez002,Wheeler,Zelous
coloc002,Colon,Christian
herne001,Hernandez,Enrique
santd002,Santana,Domingo
ahmen001,Ahmed,Nick
bettm001,Betts,Mookie
rondj001,Rondon,Jorge
beeld001,Beeler,Dallas
glenb001,Glenn,Brad
duvaa001,Duvall,Adam
polaj001,Polanco,Jorge
flany001,Flande,Yohan
gonzm005,Gonzales,Marco
hillt001,Hill,Taylor
despo001,Despaigne,Odrisamer
mccop001,McCoy,Pat
smitc003,Smith,Chad
buchj001,Buchanan,Jake
contc001,Contreras,Carlos
panij002,Panik,Joe
buchr001,Buchter,Ryan
diazj005,Diaz,Jumbo
goebj001,Goebbert,Jake
jaimj001,Jaime,Juan
heana001,Heaney,Andrew
pinoy001,Pino,Yohan
stitm001,Stites,Matt
altha001,Altherr,Aaron
green002,Greenwood,Nick
hardb001,Hardy,Blaine
parkk001,Parker,Kyle
roweb001,Rowen,Ben
gilek001,Giles,Ken
matzt001,Matzek,Tyler
polag001,Polanco,Gregory
bergc001,Bergman,Christian
yatek001,Yates,Kirby
butle001,Butler,Eddie
rojam002,Rojas,Miguel
bourj002,Bour,Justin
realj001,Realmuto,J.T.
ramij004,Ramirez,Jose
suare001,Suarez,Eugenio
bedrc001,Bedrosian,Cam
hahnj001,Hahn,Jesse
rodrw003,Rodriguez,Wilking
singj001,Singleton,Jon
ceccg001,Cecchini,Garin
hassa002,Hassan,Alex
perad001,Peralta,David
grubj002,Grube,Jarrett
simms001,Simmons,Shae
taveo001,Taveras,Oscar
lastt001,La Stella,Tommy
romaj003,Romak,Jamie
buchd001,Buchanan,David
knebc001,Knebel,Corey
arrue001,Arruebarrena,Erisbel
owenr001,Owens,Rudy
penaf001,Pena,Francisco
rasmr001,Rasmussen,Rob
houst002,House,TJ
crock001,Crockett,Kyle
figuc001,Figueroa,Cole
byrnj902,Byrne,Jon
aguij001,Aguilar,Jesus
degrj001,deGrom,Jacob
whitc001,Whitley,Chase
whitc901,Whitson,Chad
desca001,DeSclafani,Anthony
montr004,Montero,Rafael
andec001,Anderson,Chase
campe001,Campbell,Eric
odorr001,Odor,Rougned
josec002,Joseph,Caleb
darnl001,Darnell,Logan
marse001,Marshall,Evan
ray-r002,Ray,Robbie
baezp001,Baez,Pedro
santd001,Santana,Danny
strom001,Stroman,Marcus
brooa001,Brooks,Aaron
cronc002,Cron,C.J.
incie001,Inciarte,Ender
sadlc002,Sadler,Casey
pattr002,Patterson,Red
morim002,Morin,Mike
robed003,Robertson,Daniel
garcg002,Garcia,Greg
gricr001,Grichuk,Randal
carrs001,Carroll,Scott
martc007,Martin,Chris
petej002,Peterson,Jace
quack001,Quackenbush,Kevin
ramin001,Ramirez,Neil
sches901,Scheurwater,Stu
grees005,Greene,Shane
forne001,Fornataro,Eric
markj001,Marks,Justin
sardl001,Sardinas,Luis
riefc001,Riefenhauser,C.J.
jonej005,Jones,James
millj006,Miller,Justin
may-b901,May,Ben
sprig001,Springer,George
woodt901,Woodring,Tom
bolsm001,Bolsinger,Mike
wangw001,Wang,Wei-Chung
pattm903,Pattillo,Marcus
segac901,Segal,Chris
souzs001,Souza,Steven
treib001,Treinen,Blake
gosnj901,Gosney,Jeff
johna907,Johnson,A.J.
marim001,Mariot,Michael
bucks901,Buckminster,Seth
leond003,Leone,Dominic
martn002,Martinez,Nick
annad001,Anna,Dean
tanam001,Tanaka,Masahiro
barnt001,Barnhart,Tucker
eliar001,Elias,Roenis
kahnt001,Kahnle,Tommy
nieta001,Nieto,Adrian
roacd001,Roach,Donn
solay001,Solarte,Yangervis
morag901,Morales,Gabe
hollm003,Hollands,Mario
romes001,Romero,Stefen
dickr801,Dickenson,Ralph
abrej003,Abreu,Jose
barra001,Barrett,Aaron
collt002,Collins,Tyler
rosis001,Rosin,Seth
schlg001,Schlosser,Gus
thomi001,Thomas,Ian
doylb801,Doyle,Blake
leipt801,Leiper,Tim
natel801,Natera,Luis
quatm801,Quatraro,Matt
weidm801,Weidemaier,Mark
hobep901,Hoberg,Pat
barbs901,Barber,Sean
schub001,Schultz,Bo
guera001,Guerrero,Alex
kierk001,Kiermaier,Kevin
bethc001,Bethancourt,Christian
belfm001,Belfiore,Mike
schoj001,Schoop,Jonathan
dwyec001,Dwyer,Chris
romee002,Romero,Enny
tovaw001,Tovar,Wilfredo
shoem001,Shoemaker,Matt
beckt001,Beckham,Tim
centj001,Centeno,Juan
venty001,Ventura,Yordano
perea002,Perez,Audry
bussn001,Buss,Nick
haled001,Hale,David
garco001,Garcia,Onelki
medit001,Medica,Tommy
gonzm004,Gonzalez,Miguel
ruppc001,Rupp,Cameron
adrie001,Adrianza,Ehire
lim-c001,Lim,Chang-Yong
paxtj001,Paxton,James
nelsj004,Nelson,Jimmy
waltz001,Walters,Zach
monej001,Monell,Johnny
flynb001,Flynn,Brian
johne003,Johnson,Erik
pimes001,Pimentel,Stolmy
robic002,Robinson,Chris
semim001,Semien,Marcus
webbd001,Webb,Daniel
hamib001,Hamilton,Billy
hembh001,Hembree,Heath
owinc001,Owings,Chris
roblm001,Robles,Mauricio
rossz001,Rosscup,Zac
cabrc001,Cabral,Cesar
choim001,Choice,Michael
murpj001,Murphy,John Ryan
adduj002,Adduci,Jim
castn001,Castellanos,Nick
pintj001,Pinto,Josmil
ramij003,Ramirez,Jose
almoa001,Almonte,Abraham
walkt004,Walker,Taijuan
dendm001,den Dekker,Matt
holmd002,Holmberg,David
fuenr001,Fuentes,Reymond
chrin001,Christiani,Nick
clarc001,Clark,Cody
goinr001,Goins,Ryan
petrj001,Petricka,Jake
martd005,Martinez,David
bogax001,Bogaerts,Xander
stasm001,Stassi,Max
johnk004,Johnson,Kris
darnt001,d'Arnaud,Travis
camia001,Caminero,Arquimedes
gossp001,Gosselin,Phil
wongk001,Wong,Kolten
pillk001,Pillar,Kevin
lamba001,Lambo,Andrew
davim005,Davidson,Matt
boshb001,Boshers,Buddy
chapk002,Chapman,Kevin
delej002,de Leon,Jorge
leesc001,Leesman,Charlie
butlj002,Butler,Joey
roart001,Roark,Tanner
albea001,Albers,Andrew
florw001,Flores,Wilmer
watkl001,Watkins,Logan
marte002,Martin,Ethan
bettc001,Bettis,Chad
goset001,Gosewisch,Tuffy
kiesr001,Kieschnick,Roger
lo--c001,Lo,Chia-Jen
amess001,Ames,Steve
aschc001,Asche,Cody
cunnt001,Cunningham,Todd
riena001,Rienzo,Andre
zeidj001,Zeid,Josh
pierj801,Pierson,John
wootr001,Wooten,Rob
blacv001,Black,Vic
susds001,Susdorf,Steve
marij002,Marisnick,Jake
yelic001,Yelich,Christian
villj001,Villar,Jonathan
britd001,Britton,Drake
peteb002,Peterson,Brock
urruh001,Urrutia,Henry
lakej001,Lake,Junior
delae002,de la Rosa,Eury
hynec001,Hynes,Colt
lee-c004,Lee,C.C.
cosaj001,Cosart,Jarred
germg001,Germen,Gonzalez
josed001,Joseph,Donnie
salad001,Salazar,Danny
tonkm001,Tonkin,Michael
garcl005,Garcia,Luis
grays001,Gray,Sonny
guilp001,Guilmet,Preston
workb001,Workman,Brandon
tanak001,Tanaka,Kensuke
greeg002,Green,Grant
gibsh902,Gibson,Tripp
casts002,Castro,Simon
phegj001,Phegley,Josh
terdj001,Terdoslavich,Joey
roe-c001,Roe,Chaz
domij002,Dominguez,Jose
diazj004,Diaz,Jonathan
gibsk002,Gibson,Kyle
jordt001,Jordan,Taylor
hellj002,Hellweg,Johnny
millb002,Miller,Brad
halts002,Halton,Sean
belte002,Beltre,Engel
hamaa901,Hamari,Adam
littw901,Little,Will
ramij002,Ramirez,J.C.
sanct001,Sanchez,Tony
welkd001,Welker,Duke
blazm001,Blazek,Michael
dickc002,Dickerson,Corey
kraum001,Krauss,Marc
spruz001,Spruill,Zeke
deckj001,Decker,Jaff
almoz001,Almonte,Zoilo
myerw001,Myers,Wil
wheez001,Wheeler,Zack
dunnj001,Dunning,Jake
cumpb001,Cumpton,Brandon
gindc001,Gindl,Caleb
withc001,Withrow,Chris
zunim001,Zunino,Mike
coleg001,Cole,Gerrit
brewc001,Brewer,Charles
alvaj003,Alvarez,Jose
partc001,Partch,Curtis
perej002,Perez,Juan
bantb001,Bantz,Brandon
mcguc001,McGuiness,Chris
siegk001,Siegrist,Kevin
kroli001,Krol,Ian
genns001,Gennett,Scooter
olmoe001,Olmos,Edgar
puigy001,Puig,Yasiel
reidr001,Reid,Ryan
davie002,Davis,Erik
langm002,Langwell,Matt
butlk001,Butler,Keith
coloa001,Colome,Alex
lucae001,Lucas,Ed
wachm001,Wacha,Michael
wooda002,Wood,Alex
grifp801,Grifol,Pedro
hernc005,Hernandez,Cesar
karnn001,Karns,Nathan
kickm001,Kickham,Mike
frann001,Franklin,Nick
wolcq901,Wolcott,Quinn
handd001,Hand,Donovan
kobej001,Kobernus,Jeff
nolis001,Nolin,Sean
sucrj001,Sucre,Jesus
gausk001,Gausman,Kevin
colac001,Colabello,Chris
lyont001,Lyons,Tyler
rasmc002,Rasmus,Cory
thiec001,Thielbar,Caleb
soton001,Soto,Neftali
reede002,Reed,Evan
adamd001,Adams,David
marsb001,Marshall,Brett
gastj001,Gast,John
josec001,Joseph,Corban
delaj002,de la Torre,Jose
smitb005,Smith,Burch
dietd001,Dietrich,Derek
claip001,Claiborne,Preston
manes001,Maness,Seth
martc006,Martinez,Carlos
brasr001,Brasier,Ryan
clarz001,Clark,Zach
erlir001,Erlin,Robbie
ozunm001,Ozuna,Marcell
lutzd001,Lutz,Donald
nunov001,Nuno,Vidal
arenn001,Arenado,Nolan
curtj002,Curtis,Jermaine
magim001,Magill,Matt
rondb001,Rondon,Bruce
grosr001,Grossman,Robbie
lagaj001,Lagares,Juan
wrigs001,Wright,Steven
cisnj001,Cisnero,Jose
pettj001,Pettibone,Jonathan
oberb001,Oberholtzer,Brett
renda001,Rendon,Anthony
websa001,Webster,Allen
burgh001,Burgos,Hiram
freej001,Freeman,Justin
mediy001,Medina,Yoervis
petes002,Peterson,Shane
arcio001,Arcia,Oswaldo
irwip001,Irwin,Phil
rothm001,Roth,Michael
jimel002,Jimenez,Luis
wilsa001,Wilson,Alex
lafrb001,LaFromboise,Bobby
skipk001,Skipworth,Kyle
clemp002,Clemens,Paul
tepen001,Tepesch,Nick
fernj003,Fernandez,Jose
garcl004,Garcia,Leury
mcfat001,McFarland,T.J.
prinj001,Prince,Josh
robid002,Robinson,Derrick
maurb001,Maurer,Brandon
presr001,Pressly,Ryan
frein001,Freiman,Nate
gatte001,Gattis,Evan
noonn001,Noonan,Nick
rondh001,Rondon,Hector
fielj002,Fields,Josh
marta005,Marte,Alfredo
ryu-h001,Ryu,Hyun-Jin
dickb801,Dickerson,Bobby
sarbm801,Sarbaugh,Mike
bradj001,Bradley,Jackie
davik003,Davis,Khris
fujik001,Fujikawa,Kyuji
gyorj001,Gyorko,Jedd
hicka001,Hicks,Aaron
rices001,Rice,Scott
beyea801,Beyeler,Arnie
bushd801,Bush,Darren
levad801,LeVangie,Dana
orter801,Ortegon,Ronnie
ortij004,Ortiz,Joe
brumt001,Brummett,Tyson
orter001,Ortega,Rafael
tayla002,Taylor,Andrew
hoesl001,Hoes,L.J.
bundd001,Bundy,Dylan
odorj001,Odorizzi,Jake
mesam001,Mesa,Melky
fontw001,Font,Wilmer
herrc001,Herrmann,Chris
solia001,Solis,Ali
morrb002,Morris,Bryan
ruf-d001,Ruf,Darin
scahr001,Scahill,Rob
cingt001,Cingrani,Tony
rodrp001,Rodriguez,Paco
graht001,Graham,Tyler
triuc001,Triunfel,Carlos
gregd001,Gregorius,Didi
koeht001,Koehler,Tom
mills001,Miller,Shelby
villp001,Villarreal,Pedro
chapj001,Chapman,Jaye
eatoa002,Eaton,Adam
famij001,Familia,Jeurys
garcc002,Garcia,Christian
jimel001,Jimenez,Luis Antonio
ramoa001,Ramos,A.J.
machj002,Machi,Jean
phipd001,Phipps,Denis
maron001,Maronde,Nick
nealt001,Neal,Thomas
profj001,Profar,Jurickson
rodrh003,Rodriguez,Henry
heatd001,Heath,Deunte
holtb002,Holt,Brock
lougd001,Lough,David
peree003,Perez,Eury
garca003,Garcia,Avisail
lerus001,Lerud,Steven
cloyt001,Cloyd,Tyler
kellc001,Kelly,Casey
peguf001,Peguero,Francisco
aumop001,Aumont,Phillippe
mchuc001,McHugh,Collin
skagt001,Skaggs,Tyler
werna001,Werner,Andrew
rusic001,Rusin,Chris
mcphk001,McPherson,Kyle
wilsj004,Wilson,Justin
redmt002,Redmond,Todd
gelts001,Geltz,Steve
branr002,Brantly,Rob
laynt001,Layne,Tom
harrw002,Harris,Will
elmoj001,Elmore,Jake
jackr005,Jackson,Ryan
machm001,Machado,Manny
niebr801,Niebla,Ruben
barnb002,Barnes,Brandon
jenkc001,Jenkins,Chad
raleb001,Raley,Brooks
jackb002,Jackson,Brett
vittj001,Vitters,Josh
burnc001,Burns,Cory
hecha001,Hechavarria,Adeiny
mcbrm002,McBride,Matt
cappc001,Capps,Carter
storm001,Storey,Mickey
strad003,Straily,Dan
olt-m001,Olt,Mike
rodre003,Rodriguez,Eddy
cabra003,Cabrera,Alberto
sierm001,Sierra,Moises
harvm001,Harvey,Matt
hendj001,Henderson,Jim
marts002,Marte,Starling
seguj002,Segura,Jean
belij001,Beliveau,Jeff
wallj002,Wall,Josh
allec002,Allen,Cody
wheer001,Wheeler,Ryan
hernp001,Hernandez,Pedro
roset001,Rosenthal,Trevor
fifes001,Fife,Stephen
gosea001,Gose,Anthony
verdr001,Verdugo,Ryan
johns001,Johnson,Steve
avill001,Avilan,Luis
loupa001,Loup,Aaron
socom001,Socolovich,Miguel
bianj001,Bianchi,Jeff
edgij001,Edgin,Josh
rutlj001,Rutledge,Josh
mahoj001,Mahoney,Joe
dysos001,Dyson,Sam
downd001,Downs,Darin
omogb001,Omogrosso,Brian
browb004,Browning,Barret
septl001,Septimo,Leyson
warra001,Warren,Adam
bauet001,Bauer,Trevor
cabre002,Cabrera,Edwar
perem004,Perez,Martin
robet001,Robertson,Tyler
vincn001,Vincent,Nick
grifa002,Griffin,A.J.
basnt901,Basner,Toby
bakej902,Baker,Jordan
norrd001,Norris,Derek
archc001,Archer,Chris
thort001,Thornburg,Tyler
keucd001,Keuchel,Dallas
grimj002,Grimm,Justin
rowsj801,Rowson,James
boxbb001,Boxberger,Brad
kellj001,Kelly,Joe
pereh001,Perez,Hernan
roseb003,Rosenberg,B.J.
ortej001,Ortega,Jose
robic001,Robinson,Clint
dankj002,Danks,Jordan
negrk001,Negron,Kristopher
schet001,Scheppers,Tanner
tolls002,Tolleson,Shawn
holab001,Holaday,Bryan
dools001,Doolittle,Sean
ramie005,Ramirez,Elvin
grany001,Grandal,Yasmani
pryos001,Pryor,Stephen
simma001,Simmons,Andrelton
crosc001,Crosby,Casey
frees001,Freeman,Sam
casta003,Castellanos,Alex
barns002,Barnes,Scott
gonzm003,Gonzalez,Miguel
mercj002,Mercer,Jordy
solaj002,Solano,Jhonatan
fickc001,Fick,Chuckie
diazj003,Diaz,Juan
devrc001,De Vries,Cole
berrq001,Berry,Quintin
smitw002,Smith,Will
calhk001,Calhoun,Kole
herng001,Hernandez,Gorkys
solad001,Solano,Donovan
adamm002,Adams,Matt
carsr001,Carson,Robert
lallb001,Lalli,Blake
gomey001,Gomes,Yan
parkb001,Parker,Blake
diekj001,Diekman,Jake
herre001,Herrera,Elian
leons001,Leon,Sandy
averx001,Avery,Xavier
costm001,Costanzo,Mike
culbc001,Culberson,Charlie
gomem001,Gomez,Mauro
mattk001,Mattison,Kevin
friec001,Friedrich,Christian
vanss001,Van Slyke,Scott
carda001,Cardenas,Adrian
dozib001,Dozier,Brian
pomes001,Pomeranz,Stuart
quinj001,Quintana,Jose
falui001,Falu,Irving
mikom001,Mikolas,Miles
expol001,Exposito,Luis
middw001,Middlebrooks,Will
mitcd001,Mitchell,D.J.
corbp001,Corbin,Patrick
jennd003,Jennings,Dan
moort002,Moore,Tyler
putkl001,Putkonen,Luke
harpb003,Harper,Bryce
hoovj002,Hoover,J.J.
lutzz001,Lutz,Zach
hefnj001,Hefner,Jeremy
valdj002,Valdespin,Jordany
peraw001,Peralta,Wily
webet001,Weber,Thad
figup001,Figueroa,Pedro
hutcd001,Hutchison,Drew
iwakh001,Iwakuma,Hisashi
polla001,Pollock,A.J.
crawe001,Crawford,Evan
lin-c001,Lin,Che-Hsuan
wielj001,Wieland,Joe
carpd002,Carpenter,David
smyld001,Smyly,Drew
chenw001,Chen,Wei-Yin
castl002,Castillo,Lendy
darvy001,Darvish,Yu
ramie004,Ramirez,Erasmo
jonen001,Jones,Nate
pheld001,Phelps,David
rossr002,Ross,Robbie
cruzr001,Cruz,Rhiner
flahr001,Flaherty,Ryan
hagum001,Hague,Matt
kawam001,Kawasaki,Munenori
luetl001,Luetge,Lucas
nieuk001,Nieuwenhuis,Kirk
oterd001,Otero,Dan
aokin001,Aoki,Nori
gonzm002,Gonzalez,Marwin
komae001,Komatsu,Erik
vogts001,Vogt,Stephen
bjorc801,Bjornson,Craig
boros801,Boroski,Stan
narrj801,Narron,Johnny
galvf001,Galvis,Freddy
pastt001,Pastornicky,Tyler
jenkm801,Jenkins,Mack
milld801,Miller,Dave
maloc801,Maloney,Chris
cespy001,Cespedes,Yoenis
parkj001,Parker,Jarrod
clevs001,Clevenger,Steve
dolir001,Dolis,Rafael
betad001,Betances,Dellin
braca001,Brackman,Andrew
herrk001,Herrera,Kelvin
savej001,Savery,Joe
defrj001,De Fratus,Justin
cedex001,Cedeno,Xavier
gomeh001,Gomez,Hector
canzr001,Canzler,Russ
fierm001,Fiers,Michael
moorm003,Moore,Matt
beckc001,Beck,Chad
farqd001,Farquhar,Danny
putnz001,Putnam,Zach
gaubj001,Gaub,John
delas001,Delabar,Steve
fedet001,Federowicz,Tim
fielt001,Field,Thomas
pomed001,Pomeranz,Drew
romia002,Romine,Austin
florp001,Florimon,Pedro
kontg001,Kontos,George
lockj001,Locke,Jeff
schwc001,Schwinden,Chris
axeld001,Axelrod,Dylan
hughj001,Hughes,Jared
lidda001,Liddi,Alex
bensj001,Benson,Joe
browc003,Brown,Corey
chama002,Chambers,Adron
domim001,Dominguez,Matt
hendl001,Hendriks,Liam
lombs002,Lombardozzi,Steve
pachj001,Pacheco,Jordan
parmc001,Parmelee,Chris
peacb001,Peacock,Brad
pillb001,Pill,Brett
rosaw001,Rosario,Wilin
sevea001,Severino,Atahualpa
spean001,Spears,Nate
waldk001,Waldrop,Kyle
hudsk001,Hudson,Kyle
reeda001,Reed,Addison
richa001,Richardson,Antoan
satij001,Satin,Josh
maldm001,Maldonado,Martin
mesod001,Mesoraco,Devin
milot001,Milone,Tom
caria001,Carignan,Andrew
escoe001,Escobar,Eduardo
linds001,Lindsay,Shane
martl004,Martin,Leonys
moorj001,Moore,Jeremy
navae001,Navarro,Efren
schal001,Schafer,Logan
stinj001,Stinson,Josh
taylm001,Taylor,Michael
hagan001,Hagadone,Nick
klubc001,Kluber,Corey
martl003,Marte,Luis
montj003,Montero,Jesus
bracb001,Brach,Brad
greet005,Green,Taylor
hambm001,Hamburger,Mark
philz001,Phillips,Zach
wagnn001,Wagner,Neil
abrej002,Abreu,Juan
headj001,Head,Jerad
marrc001,Marrero,Chris
surke001,Surkamp,Eric
parra001,Parrino,Andy
recka001,Recker,Anthony
mastd002,Mastroianni,Darin
thoma003,Thompson,Aaron
carrj002,Carreno,Joel
vasqa001,Vasquez,Anthony
edles001,Edlefsen,Steve
schwm002,Schwimer,Michael
milew001,Miley,Wade
lavar001,Lavarnway,Ryan
sellj002,Sellers,Justin
alvah001,Alvarez,Henderson
peres002,Perez,Salvador
richg002,Richards,Garrett
sosah001,Sosa,Henry
vizca001,Vizcaino,Arodys
darnj001,Darnell,James
sappd001,Sappelt,Dave
eovan001,Eovaldi,Nathan
giavj001,Giavotella,Johnny
lawrb002,Lawrie,Brett
robit001,Robinson,Trayvon
shucj001,Shuck,J.B.
pinam001,Pina,Manny
goldp001,Goldschmidt,Paul
hamre001,Hamren,Erik
parej002,Paredes,Jimmy
martj006,Martinez,J.D.
turnj002,Turner,Jacob
consj001,Constanza,Jose
farre001,Farris,Eric
cowgc001,Cowgill,Collin
garrs002,Garrison,Steve
ruffc001,Ruffin,Chance
kipnj001,Kipnis,Jason
lairb001,Laird,Brandon
altuj001,Altuve,Jose
belod001,Below,Duane
cookr001,Cook,Ryan
delad001,de la Rosa,Dane
chirr001,Chirinos,Robinson
diams001,Diamond,Scott
torra002,Torres,Alex
anglm001,Angle,Matt
martl002,Martinez,Luis
sanch002,Sanchez,Hector
weilk001,Weiland,Kyle
troum001,Trout,Mike
cozaz001,Cozart,Zack
mcalz001,McAllister,Zach
seagk001,Seager,Kyle
santh001,Santiago,Hector
garnc001,Garner,Cole
rojam801,Rojas,Mike
beavb001,Beavan,Blake
dickb001,Dickson,Brandon
lollm901,Lollo,Mark
olivl001,Oliveros,Lester
carpd001,Carpenter,David
chisl001,Chisenhall,Lonnie
fagac901,Fagan,Clint
fryee001,Fryer,Eric
darnc001,d'Arnaud,Chase
spenj001,Spence,Josh
davib005,Davis,Blake
ackld001,Ackley,Dustin
delgr001,Delgado,Randall
funnt901,Funneman,Tyler
stewz001,Stewart,Zach
ville002,Villanueva,Elih
carpc003,Carpenter,Chris
mattr001,Mattheus,Ryan
bassa001,Bass,Anthony
browa003,Brown,Andrew
godfg001,Godfrey,Graham
mousm001,Moustakas,Mike
shawb001,Shaw,Bryan
whelk001,Whelan,Kevin
rizza001,Rizzo,Anthony
phelc001,Phelps,Cord
watst001,Watson,Tony
blacc001,Blackmon,Charlie
handb001,Hand,Brad
weekj001,Weeks,Jemile
brotr001,Brothers,Rex
gordd002,Gordon,Dee
carpm002,Carpenter,Matt
delof001,de los Santos,Fautino
dinkb001,Dinkelman,Brian
hottt001,Hottovy,Tommy
cletm001,Cleto,Maikel
lynnl001,Lynn,Lance
lindj004,Lindblom,Josh
harrj002,Harrison,Josh
lylej001,Lyles,Jordan
lemad001,LeMahieu,DJ
horsj001,Horst,Jeremy
nicaj001,Nicasio,Juan
billb002,Billings,Bruce
crawb001,Crawford,Brandon
wilka001,Wilk,Adam
tekob001,Tekotte,Blake
cruzt002,Cruz,Tony
delar003,de la Rosa,Rubby
tatey001,Tateyama,Yoshinori
frazt001,Frazier,Todd
furbc001,Furbush,Charlie
judyj001,Judy,Josh
adamr003,Adams,Ryan
carre001,Carrera,Ezequiel
duffd001,Duffy,Danny
kozmp001,Kozma,Pete
noesh001,Noesi,Hector
thame001,Thames,Eric
campt001,Campana,Tony
magnt001,Magnuson,Trystan
teafe001,Teaford,Everett
dirka001,Dirks,Andy
guerj002,Guerra,Javy
kimbc002,Kimball,Cole
sania001,Sanit,Amauri
wilsm002,Wilson,Mike
iglej001,Iglesias,Jose
tehej001,Teheran,Julio
guyeb001,Guyer,Brandon
hosme001,Hosmer,Eric
forsl001,Forsythe,Logan
gomeb001,Gomes,Brandon
cobba001,Cobb,Alex
moskd001,Moskos,Daniel
whita001,White,Alex
coopd002,Cooper,David
tosor001,Tosoni,Rene
amara001,Amarista,Alexi
scrie001,Scribner,Evan
gearc001,Gearrin,Cory
stutm001,Stutes,Michael
epplc001,Eppley,Cody
colel001,Coleman,Louis
peguc001,Peguero,Carlos
sandj002,Sands,Jerry
collj001,Collmenter,Josh
johna002,Johnson,Alan
valdj001,Valdez,Jose
perel001,Perez,Luis
albua001,Alburquerque,Al
pendl001,Pendleton,Lance
sance001,Sanchez,Eduardo
chatt001,Chatwood,Tyler
pinem001,Pineda,Michael
rodrj003,Rodriguez,Josh
britz001,Britton,Zach
brodb001,Broderick,Brian
crotm001,Crotta,Michael
luekj001,Lueke,Josh
martm003,Martinez,Michael
wilht001,Wilhelmsen,Tom
younm004,Young,Matt
patej001,Paterson,Joe
rodra002,Rodriguez,Aneury
tobim001,Tobin,Mason
villb002,Villarreal,Brayan
beatp001,Beato,Pedro
dejei002,De Jesus,Ivan
emaub001,Emaus,Brad
nisht001,Nishioka,Tsuyoshi
ritcg801,Ritchie,Gregg
adcon001,Adcock,Nathan
beltb001,Belt,Brandon
collt001,Collins,Tim
crowa001,Crow,Aaron
huntc001,Hunter,Cedric
sissd801,Sisson,Doug
solis801,Soliz,Steve
boscj001,Boscan,J.C.
barrl901,Barrett,Lance
rippm901,Ripperger,Mark
conrc901,Conroy,Chris
cishs001,Cishek,Steve
cortd002,Cortes,Dan
romia001,Romine,Andrew
varva001,Varvaro,Anthony
halmg001,Halman,Greg
mangm001,Mangini,Matt
pestv001,Pestano,Vinnie
rosas001,Rosario,Sandy
beacb001,Beachy,Brandon
hamim001,Hamilton,Mark
hatcc002,Hatcher,Chris
marto001,Martinez,Osvaldo
descd001,Descalso,Daniel
drabk001,Drabek,Kyle
sinkb001,Sinkbeil,Brett
mcgej001,McGee,Jake
sogae001,Sogard,Eric
cramb001,Cramer,Bobby
schmk001,Schmidt,Konrad
congh001,Conger,Hank
trumm001,Trumbo,Mark
escae001,Escalona,Edgmer
kintb001,Kintzler,Brandon
kroez001,Kroenke,Zach
rogem001,Rogers,Mark
snydb003,Snyder,Brandon
villh002,Villar,Henry
cirip001,Ciriaco,Pedro
lindj003,Lindsey,John
mckem001,McKenry,Michael
mitcr001,Mitchell,Russ
presa001,Presley,Alex
dysoj001,Dyson,Jarrod
gee-d001,Gee,Dillon
infag001,Infante,Gregory
mayay001,Maya,Yuniesky
moreb001,Morel,Brent
reveb001,Revere,Ben
snydb002,Snyder,Brad
andel002,Anderson,Lars
baxtm001,Baxter,Mike
cedaj001,Ceda,Jose
coelr001,Coello,Robert
menda001,Mendez,Adalberto
delar002,Delaney,Rob
may-l001,May,Lucas
nickm001,Nickeas,Mike
stpim001,St. Pierre,Max
couss001,Cousins,Scott
fox-m001,Fox,Matt
luebc001,Luebke,Cory
jamej001,James,Justin
alony001,Alonso,Yonder
bogub001,Bogusevic,Brian
dudal001,Duda,Lucas
espid001,Espinosa,Danny
fordd002,Ford,Darren
freef001,Freeman,Freddie
jeffj001,Jeffress,Jeremy
jennd002,Jennings,Desmond
chapa001,Chapman,Aroldis
dedus001,Deduno,Samuel
mains001,Maine,Scott
valac001,Valaika,Chris
waldj001,Walden,Jordan
kirkm001,Kirkman,Michael
navay001,Navarro,Yamaico
nunee002,Nunez,Eduardo
reynm002,Reynolds,Matt
hills004,Hill,Steven
mcclm001,McClendon,Mike
rackd901,Rackley,David
barnd001,Barney,Darwin
castw002,Castillo,Welington
cartc002,Carter,Chris
matem001,Mateo,Marcos
minom001,Minor,Mike
arenj001,Arencibia,J.P.
salec001,Sale,Chris
bourp001,Bourjos,Peter
diamt001,Diamond,Thomas
colec001,Coleman,Casey
hellj001,Hellickson,Jeremy
hollg001,Holland,Greg
tumpj901,Tumpane,John
browj006,Brown,Jordan
learr801,Leary,Rob
kalir001,Kalish,Ryan
wallb001,Wallace,Brett
frazj001,Frazier,Jeff
harrl002,Harrell,Lucas
morem001,Moreland,Mitch
abadf001,Abad,Fernando
browd004,Brown,Domonic
morrl001,Morrison,Logan
tomlj001,Tomlin,Josh
kohnm001,Kohn,Michael
rhymw001,Rhymes,Will
jansk001,Jansen,Kenley
worlv001,Worley,Vance
davib004,Davis,Brad
slama001,Slama,Anthony
gomej002,Gomez,Jeanmar
krate001,Kratz,Erik
cainl001,Cain,Lorenzo
marij001,Marinez,Jhan
marqj002,Marquez,Jeffrey
macle001,MacLane,Evan
weinr001,Weinhardt,Robbie
bellj004,Bell,Josh
woodt004,Wood,Travis
belto001,Beltre,Omar
enrib001,Enright,Barry
schlb001,Schlitter,Brian
oliva002,Oliver,Andy
housj002,Houser,James
sanaa001,Sanabia,Alex
mallj801,Mallee,John
castj006,Castro,Jason
sborj001,Sborz,Jay
curtc002,Curtis,Colin
vicid001,Viciedo,Dayan
nelsc001,Nelson,Chris
doubf001,Doubront,Felix
alvap001,Alvarez,Pedro
demes001,Demel,Sam
ogana001,Ogando,Alexi
smitj003,Smith,Jordan
huffc001,Huffman,Chad
navad002,Nava,Daniel
santc002,Santana,Carlos
arrij001,Arrieta,Jake
felij002,Feliciano,Jesus
lincb001,Lincoln,Brad
tabaj002,Tabata,Jose
stanm004,Stanton,Giancarlo
stras001,Strasburg,Stephen
herrf001,Herrmann,Frank
valed001,Valencia,Danny
casha001,Cashner,Andrew
ottaa001,Ottavino,Adam
lecus001,LeCure,Sam
salaf001,Salas,Fernando
buenj001,Buente,Jay
mataf001,Mata,Frank
delre001,Del Rosario,Enerio
bradz001,Braddock,Zach
lucrj001,Lucroy,Jonathan
plout001,Plouffe,Trevor
donaj002,Donald,Jason
stord001,Storen,Drew
gonzm901,Gonzalez,Manny
wortd001,Worth,Danny
wellc001,Wells,Casper
novai001,Nova,Ivan
woodb004,Wood,Blake
russk001,Russo,Kevin
casts001,Castro,Starlin
kimbc001,Kimbrel,Craig
peteb001,Petersen,Bryan
hickb002,Hicks,Brandon
heisc001,Heisey,Chris
valdc003,Valdez,Cesar
ramow001,Ramos,Wilson
zawal001,Zawadzki,Lance
ambrh001,Ambriz,Hector
donaj001,Donaldson,Josh
stand001,Stange,Daniel
ely-j001,Ely,John
hughl001,Hughes,Luke
lewir002,Lewis,Rommie
tolls001,Tolleson,Steven
jay-j001,Jay,Jon
hughr001,Hughes,Rhyne
blasc901,Blaser,Cory
atill001,Atilano,Luis
boesb001,Boesch,Brennan
smoaj001,Smoak,Justin
diaza002,Diaz,Argenis
gillc002,Gillespie,Cole
linkj001,Link,Jon
davii001,Davis,Ike
ventj001,Venters,Jonny
andeb005,Anderson,Bryan
rodrf005,Rodriguez,Francisco
leakm001,Leake,Mike
valdr002,Valdes,Raul
buted001,Butera,Drew
cassb001,Cassevah,Bobby
carav901,Carapazza,Vic
burna002,Burnett,Alex
craia001,Craig,Allen
igarr001,Igarashi,Ryota
raynj001,Raynor,John
sants001,Santos,Sergio
mejij001,Mejia,Jenrry
rosst001,Ross,Tyson
takah001,Takahashi,Hisanori
tejar001,Tejada,Ruben
norbj001,Norberto,Jordan
texek001,Texeira,Kanekoa
englj001,English,Jesse
hernd003,Herndon,David
heywj001,Heyward,Jason
jacka001,Jackson,Austin
monac001,Monasterios,Carlos
ondrl001,Ondrusek,Logan
russj003,Russell,James
sizes001,Sizemore,Scott
espaj801,Espada,Joey
malao801,Malave,Omar
walld801,Wallace,Dave
porta901,Porter,Alan
pagnm001,Pagnozzi,Matt
richd002,Richardson,Dustin
friee001,Frieri,Ernesto
hacke001,Hacker,Eric
butlj001,Butler,Josh
colvt001,Colvin,Tyler
rodrh002,Rodriguez,Henry
carsm001,Carson,Matt
moora001,Moore,Adam
ramoc001,Ramos,Cesar
axfoj001,Axford,John
dural001,Durango,Luis
franj005,Francisco,Juan
philk001,Phillips,Kyle
dlugb001,Dlugach,Brent
rogee002,Rogers,Esmil
pettc001,Pettit,Chris
poseb001,Posey,Buster
desmi001,Desmond,Ian
stont001,Stoner,Tobi
johnc003,Johnson,Chris
mccom001,McCoy,Mike
bumgm001,Bumgarner,Madison
manzt001,Manzella,Tommy
romen001,Romero,Niuman
turnj001,Turner,Justin
violp001,Viola,Pedro
daviw001,Davis,Wade
gentc001,Gentry,Craig
hughd001,Hughes,Dusty
martv002,Marte,Victor
garav001,Garate,Victor
dunnm002,Dunn,Michael
hudsd001,Hudson,Daniel
runzd001,Runzler,Dan
flowt001,Flowers,Tyler
tholj001,Thole,Josh
kilbb001,Kilby,Brad
branm003,Brantley,Michael
carrc003,Carrasco,Carlos
walkn001,Walker,Neil
mccud001,McCutchen,Daniel
hestj001,Hester,John
lopew001,Lopez,Wilton
strop001,Strop,Pedro
gabia001,Gabino,Armando
youne003,Young,Eric
alleb001,Allen,Brandon
stubd001,Stubbs,Drew
gorer002,Gorecki,Reid
richk001,Richardson,Kevin
mansj001,Manship,Jeff
gervs001,Gervacio,Samuel
bergj002,Berg,Justin
carrc002,Carrillo,Cesar
bellt002,Bell,Trevor
carie001,Caridad,Esmailin
ryalr001,Ryal,Rusty
fistd001,Fister,Doug
tazaj001,Tazawa,Junichi
avila001,Avila,Alex
oeltt001,Oeltjen,Trent
padij002,Padilla,Jorge
joaqw001,Joaquin,Waldis
matub001,Matusz,Brian
felin001,Feliz,Neftali
nunej003,Nunez,Jhonny
torew001,Toregas,Wyatt
reddj001,Reddick,Josh
atkim001,Atkins,Mitch
norrb001,Norris,Bud
tillc001,Tillman,Chris
evert001,Everidge,Tommy
fienc001,Fien,Casey
chacj001,Chacin,Jhoulys
moser001,Mosebach,Robert
saunm001,Saunders,Michael
torrc001,Torres,Carlos
tatuc001,Tatum,Craig
martj005,Martin,J.D.
mulvk001,Mulvey,Kevin
latom001,Latos,Mat
valdl001,Valdez,Luis
stevj001,Stevens,Jeff
manur001,Manuel,Robert
webbr001,Webb,Ryan
rzepm001,Rzepczynski,Marc
batea001,Bates,Aaron
lobaj001,Lobaton,Jose
hoffj002,Hoffpauir,Jarrett
suttd002,Sutton,Drew
borbj001,Borbon,Julio
mortc003,Mortensen,Clayton
ni--f001,Ni,Fu-Te
sador001,Sadowski,Ryan
woodt003,Wood,Tim
browd003,Brown,Dusty
figaa001,Figaro,Alfredo
blank002,Blanks,Kyle
millb001,Mills,Brad
carpm001,Carp,Mike
downm001,Downs,Matt
jonem003,Jones,Mitch
osuls001,O'Sullivan,Sean
porea001,Poreda,Aaron
canib001,Canizares,Barbaro
hanst001,Hanson,Tommy
schlt001,Schlichting,Travis
hawkb001,Hawksworth,Blake
malom001,Maloney,Matt
toddj001,Todd,Jess
beckg001,Beckham,Gordon
mccua001,McCutchen,Andrew
gimec001,Gimenez,Chris
basta001,Bastardo,Antonio
mazzv001,Mazzaro,Vin
whisw001,Whisler,Wes
jacks001,Jackson,Steven
waddj001,Waddell,Jason
moscg001,Moscoso,Guillermo
schld001,Schlereth,Daniel
wietm001,Wieters,Matt
hernd002,Hernandez,David
berkj001,Berken,Jason
leroc001,Leroux,Chris
martf002,Martinez,Fernando
fishc001,Fisher,Carlos
maybj001,Mayberry,John
swara001,Swarzak,Anthony
wests001,West,Sean
hayeb001,Hayes,Brett
hoffj001,Hoffmann,Jamie
thayd001,Thayer,Dale
guzmj005,Guzman,Jesus
hernd001,Hernandez,Diory
martc005,Martinez,Cristhian
medlk001,Medlen,Kris
stamc001,Stammen,Craig
zavac002,Zavada,Clay
ramiw001,Ramirez,Wilkin
uhlej901,Uhlenhopp,Jake
escas001,Escalona,Sergio
huffd001,Huff,David
burkg001,Burke,Greg
frenl001,French,Lucas
reimn001,Reimold,Nolan
augeb001,Augenstein,Bryan
bardd001,Bard,Daniel
parrg001,Parra,Gerardo
coghc001,Coghlan,Chris
paulx001,Paul,Xavier
robis001,Robinson,Shane
corpc001,Corporan,Carlos
leacb001,Leach,Brent
cecib001,Cecil,Brett
scalb001,Scales,Bobby
lapom001,LaPorta,Matt
ray-r001,Ray,Robert
rodrf004,Rodriguez,Fernando
takak001,Takahashi,Ken
greet004,Greene,Tyler
lopea004,Lopez,Arturo
melam001,Melancon,Mark
taylg001,Taylor,Graham
vasqe001,Vasquez,Esmerling
dalem002,Daley,Matt
ortea001,Ortega,Anthony
holld003,Holland,Derek
sippt001,Sipp,Tony
bergb002,Bergesen,Brad
egbej001,Egbert,Jack
joneh001,Jones,Hunter
zimmj003,Zimmermann,Jordan
david004,Davidson,Daniel
claga001,Claggett,Anthony
waltp001,Walters,P.J.
jaraj001,Jaramillo,Jason
perdl001,Perdomo,Luis
rodrr006,Rodriguez,Rafael
kawak001,Kawakami,Kenshin
powel001,Powell,Landon
andeb004,Anderson,Brett
duenb001,Duensing,Brian
kells001,Kelley,Shawn
crowt001,Crowe,Trevor
porcr001,Porcello,Rick
romer002,Romero,Ricky
cabre001,Cabrera,Everth
jakuc001,Jakubauskas,Chris
pattd002,Patton,David
perrr001,Perry,Ryan
silvw001,Silva,Walter
uehak001,Uehara,Koji
belir001,Belisario,Ronald
cahit001,Cahill,Trevor
martj004,Martinez,Joe
moree001,Moreno,Edwin
rasmc001,Rasmus,Colby
veald001,Veal,Donnie
kyles801,Kyles,Stan
andre001,Andrus,Elvis
baila001,Bailey,Andrew
freed001,Freese,David
gregl001,Gregerson,Luke
penar002,Pena,Ramiro
ecksr801,Eckstein,Rick
knapr801,Knapp,Rick
schaj002,Schafer,Jordan
marsl001,Marson,Lou
velag002,Velazquez,Gil
cervf001,Cervelli,Francisco
miraj001,Miranda,Juan
sanch001,Sanchez,Humberto
delgj001,Delgado,Jesus
gordb001,Gordon,Brian
mcdoj004,McDonald,James
sancg001,Sanchez,Gaby
ellia001,Ellis,A.J.
parnb001,Parnell,Bobby
talbm001,Talbot,Mitch
pricd001,Price,David
kottg001,Kottaras,George
mijaj001,Mijares,Jose
roenj001,Roenicke,Josh
thomr901,Thompson,R.J.
ekstm001,Ekstrom,Mike
lewis002,Lewis,Scott
baisj001,Baisley,Jeff
bourj001,Bourgeois,Jason
gillc001,Gillaspie,Conor
grayj002,Gray,Jeff
jepsk001,Jepsen,Kevin
saccm001,Saccomanno,Mark
sandf001,Sandoval,Freddy
mayse001,Maysonet,Edwin
jasoj001,Jaso,John
simoa001,Simon,Alfredo
lowed002,Lowery,Devon
peref001,Perez,Fernando
santo001,Santos,Omir
tuiam001,Tuiasosopo,Matt
kaaik001,Ka'aihue,Kila
marts001,Martis,Shairon
montl002,Montz,Luke
parrj004,Parr,James
ryand001,Ryan,Dusty
escoa003,Escobar,Alcides
gamem001,Gamel,Mat
golsg001,Golson,Greg
leblw001,LeBlanc,Wade
mottj001,Motte,Jason
pridj001,Pridie,Jason
rundr001,Rundles,Rich
saloa001,Salome,Angel
castw001,Castillo,Wilkin
cruzl001,Cruz,Luis
fowld001,Fowler,Dexter
hincm001,Hinckley,Mike
mcgec001,McGehee,Casey
niesj001,Niese,Jon
outmj001,Outman,Josh
valbl001,Valbuena,Luis
whitj002,Whitesell,Josh
antom001,Antonelli,Matt
cokep001,Coke,Phil
millj005,Miller,Jim
nelsb002,Nelson,Brad
thomj006,Thomas,Justin
aceva001,Aceves,Alfredo
cunna001,Cunningham,Aaron
bowdm001,Bowden,Michael
geerj001,Geer,Josh
ramir004,Ramirez,Ramon
elbes001,Elbert,Scott
snidt001,Snider,Travis
carpa001,Carpenter,Andrew
chavj001,Chavez,Jesse
lambc001,Lambert,Chris
hayhd001,Hayhurst,Dirk
estrm001,Estrada,Marco
mickk001,Mickolio,Kameron
castj801,Castro,Jose
palmm001,Palmer,Matt
reinc001,Reineke,Chad
sandp001,Sandoval,Pablo
buenf001,Bueno,Francisley
kazms002,Kazmar,Sean
rohlr001,Rohlinger,Ryan
dickc001,Dickerson,Chris
getzc001,Getz,Chris
pennc001,Pennington,Cliff
zinkc001,Zink,Charlie
rosaa001,Rosales,Adam
gonzg003,Gonzalez,Gio
montl001,Montanez,Luis
watec001,Waters,Chris
regis001,Register,Steven
kunze001,Kunz,Eddie
murpd006,Murphy,Daniel
huntt002,Hunter,Tommy
ruizr001,Ruiz,Randy
richs001,Richmond,Scott
colod901,Colon,Delfin
samaj001,Samardzija,Jeff
richc002,Richard,Clayton
dantj001,D'Antona,Jamie
conrb001,Conrad,Brooks
espig001,Espineli,Geno
lahab001,LaHair,Bryan
teagt001,Teagarden,Taylor
herry001,Herrera,Yoslan
hulet002,Hulett,Tug
ochoi001,Ochoa,Ivan
cervm001,Cervenak,Mike
garcj004,Garcia,Jaime
bakej002,Baker,John
casta002,Castillo,Alberto
harrm001,Harrison,Matt
swinr001,Swindle,R.J.
volsc001,Volstad,Chris
brigr001,Brignac,Reid
hundn001,Hundley,Nick
perrj001,Perry,Jason
matoo001,Matos,Osiris
reyea003,Reyes,Argenis
bankw002,Bankston,Wes
bowec001,Bowers,Cedrick
madrw001,Madrigal,Warner
balec001,Balester,Collin
gardb001,Gardner,Brett
bernr001,Bernadina,Roger
robed002,Robertson,David
bartj002,Barthmaier,Jimmy
davic003,Davis,Chris
romos001,Romo,Sergio
belld901,Bellino,Dan
chrij003,Christian,Justin
millj004,Miller,Jai
ramim003,Ramirez,Max
shels002,Shell,Steven
stavn001,Stavinoha,Nick
smitc002,Smith,Chris
thomd003,Thompson,Daryl
bernd001,Bernier,Doug
russa001,Russell,Adam
rosal001,Rosales,Leo
bonie002,Bonine,Eddie
mortc002,Morton,Charlie
rosac001,Rosa,Carlos
hurle001,Hurley,Eric
reybd901,Reyburn,D.J.
hollm002,Hollimon,Mike
mockg001,Mock,Garrett
tuckr001,Tucker,Ryan
boggm001,Boggs,Mitchell
cartc001,Carter,Chris
herrd001,Herrera,Danny
worrm001,Worrell,Mark
guevc001,Guevara,Carlos
patts001,Patterson,Scott
ziegb001,Ziegler,Brad
gonzc001,Gonzalez,Carlos
horwb001,Horwitz,Brian
larij001,Larish,Jeff
mathj002,Mather,Joe
avilm001,Aviles,Mike
tillc901,Tiller,Chris
brucj001,Bruce,Jay
kersc001,Kershaw,Clayton
evann001,Evans,Nick
macrm001,Macri,Matt
mannc001,Manning,Charlie
wellj001,Wells,Jared
dillt001,Dillard,Tim
denkt001,Denker,Travis
difem002,DiFelice,Mark
hoffm001,Hoffpauir,Micah
petig001,Petit,Gregorio
tupmm001,Tupman,Matt
aubrm001,Aubrey,Michael
perec002,Perez,Chris
hinsa001,Hinshaw,Alex
arrej001,Arredondo,Jose
janip001,Janish,Paul
mazal001,Maza,Luis
vanej001,Van Every,Jonathan
salam002,Salas,Marino
gonze003,Gonzalez,Edgar
mathd001,Mathis,Doug
reyng001,Reynolds,Greg
carll001,Carlin,Luke
dolsf001,Dolsi,Freddy
joycm001,Joyce,Matt
parim001,Parisi,Mike
adenn001,Adenhart,Nick
herrj002,Herrera,Jonathan
mccrb001,McCrory,Bob
boggb001,Boggs,Brandon
schem001,Scherzer,Max
wilsb002,Wilson,Bobby
koreb001,Korecky,Bobby
lillb001,Lillibridge,Brent
torre001,Torres,Eider
mastj001,Masterson,Justin
wadec001,Wade,Cory
diazr001,Diaz,Robinzon
harmb001,Harman,Brad
burre001,Burriss,Emmanuel
rodrs002,Rodriguez,Sean
purcd001,Purcey,David
durag001,Duran,German
serra001,Serrano,Alex
lowrj001,Lowrie,Jed
niemj001,Niemann,Jeff
bowkj001,Bowker,John
iribh001,Iribarren,Hernan
longe001,Longoria,Evan
carlj001,Carlson,Jesse
rakos901,Rakos,Shawn
badeb001,Badenhop,Burke
hernf003,Hernandez,Fernando
smitg002,Smith,Greg
timpc001,Timpner,Clay
bixlb001,Bixler,Brian
spand001,Span,Denard
johne002,Johnson,Elliot
wellr001,Wells,Randy
yabuy001,Yabuta,Yasuhiko
holms002,Holm,Steve
kuroh001,Kuroda,Hiroki
crabc001,Crabbe,Callix
cuetj001,Cueto,Johnny
bierr001,Bierd,Randor
kobam001,Kobayashi,Masahide
meeke001,Meek,Evan
romea001,Romero,Alex
bartb001,Barton,Brian
bassb001,Bass,Brian
mcclk001,McClellan,Kyle
nix-j001,Nix,Jayson
tolbm001,Tolbert,Matt
tronr001,Troncoso,Ramon
washr002,Washington,Rico
thomr801,Thomson,Rob
bocob001,Bocock,Brian
dewib001,DeWitt,Blake
fukuk001,Fukudome,Kosuke
fukuk002,Fukumori,Kazuo
odayd001,O'Day,Darren
ramia003,Ramirez,Alexei
thomc002,Thomas,Clete
wrigw001,Wright,Wesley
andrj801,Andrews,Jeff
longd801,Long,Don
blang001,Blanco,Gregor
macid001,Macias,Drew
munic001,Muniz,Carlos
mortc001,Morton,Colt
ruggj001,Ruggiano,Justin
ridgj001,Ridgway,Jeff
blevj001,Blevins,Jerry
joneb005,Jones,Brandon
smits002,Smith,Seth
galaa002,Galarraga,Armando
sardb001,Sardinha,Bronson
newmj002,Newman,Josh
sammc001,Sammons,Clint
three001,Threets,Erick
bankj001,Banks,Josh
ohler001,Ohlendorf,Ross
bartd001,Barton,Daric
hanir001,Hanigan,Ryan
giesd001,Giese,Dan
hochl001,Hochevar,Luke
mendl001,Mendoza,Luis
moraj002,Morales,Jose
broal001,Broadway,Lance
detwr001,Detwiler,Ross
david003,Davidson,Dave
albaj001,Albaladejo,Jonathan
collw001,Collazo,Willie
fulds001,Fuld,Sam
lucyd001,Lucy,Donny
maxwj002,Maxwell,Justin
paulf001,Paulino,Felipe
philh001,Phillips,Heath
towlj001,Towles,J.R.
velee001,Velez,Eugenio
whitb001,White,Bill
balew001,Balentien,Wladimir
clemj001,Clement,Jeff
hartk001,Hart,Kevin
johnr009,Johnson,Rob
vottj001,Votto,Joey
blacn001,Blackburn,Nick
garch001,Garcia,Harvey
murpb001,Murphy,Bill
seddc001,Seddon,Chris
andej004,Anderson,Josh
bonie001,Bonifacio,Emilio
gonza005,Gonzalez,Alberto
hu--c001,Hu,Chin-lung
kenni001,Kennedy,Ian
koshj001,Koshansky,Joe
meloj002,Meloan,Jon
morgn001,Morgan,Nyjer
pears001,Pearce,Steve
stetm001,Stetter,Mitch
stocm001,Stocker,Mel
thomr006,Thompson,Rich
sancr002,Sanchez,Romulo
sheat001,Shearn,Tom
buckb002,Buckner,Billy
liz-r001,Liz,Radhames
pattt001,Patton,Troy
stanc001,Stansberry,Craig
beald901,Beal,Damien
gutij002,Gutierrez,Juan
moraf001,Morales,Franklin
buchc001,Buchholz,Clay
maybc001,Maybin,Cameron
pignc001,Pignatiello,Carmen
jurrj001,Jurrjens,Jair
acosm001,Acosta,Manny
stewi001,Stewart,Ian
barod001,Barone,Daniel
cassj001,Cassel,Jack
watkt001,Watkins,Tommy
wolfr002,Wolf,Ross
cabra002,Cabrera,Asdrubal
belle002,Bellorin,Edwin
chamj002,Chamberlain,Joba
zaram001,Zarate,Mauro
mossb001,Moss,Brandon
patte001,Patterson,Eric
laffa001,Laffey,Aaron
dumap001,Dumatrait,Phil
uptoj001,Upton,Justin
buddr001,Budde,Ryan
gwynm001,Gwyn,Marcus
hanrj001,Hanrahan,Joel
richd001,Richar,Danny
buscb001,Buscher,Brian
lannj001,Lannan,John
thatj001,Thatcher,Joe
hulle001,Hull,Eric
duncs001,Duncan,Shelley
parrm001,Parra,Manny
wasse001,Wassermann,Ehren
fox-j001,Fox,Jake
lewij003,Lewis,Jensen
ascaj001,Ascanio,Jose
hernl004,Hernandez,Luis
garca002,Garcia,Anderson
reyej003,Reyes,Jo-Jo
bailj001,Bailey,Jeff
olsog003,Olson,Garrett
ramie003,Ramirez,Edwar
ellsj001,Ellsbury,Jacoby
gornn001,Gorneault,Nick
happj001,Happ,J.A.
petrb002,Petrick,Billy
melik001,Melillo,Kevin
rowlr002,Rowland-Smith,Ryan
gronl001,Gronkiewicz,Lee
delae001,de la Cruz,Eulogio
gally001,Gallardo,Yovani
carrb001,Carroll,Brett
evant002,Evans,Terry
doync001,Doyne,Cory
headc001,Headley,Chase
rapac001,Rapada,Clay
kendk001,Kendrick,Kyle
rodrg001,Rodriguez,Guillermo
suzuk001,Suzuki,Kurt
schin001,Schierholtz,Nate
kuwam001,Kuwata,Masumi
basac001,Basak,Chris
galls001,Gallagher,Sean
bailh001,Bailey,Homer
peguj002,Peguero,Jailen
ticht901,Tichenor,Todd
cavaa001,Cavazos,Andy
barks001,Barker,Sean
dejoj001,De Jong,Jordan
mcbem001,McBeth,Marcus
thigc001,Thigpen,Curtis
sonna001,Sonnanstine,Andy
escoy001,Escobar,Yunel
espob001,Esposito,Brian
ryanb002,Ryan,Brendan
slowk001,Slowey,Kevin
wolfb001,Wolfe,Brian
day-d001,Day,Dewon
haynn001,Haynes,Nathan
catet001,Cate,Troy
millj003,Miller,Jason
braur002,Braun,Ryan
zagum001,Zagurski,Mike
mclem003,McLemore,Mark
abret001,Abreu,Tony
clipt001,Clippard,Tyler
metct001,Metcalf,Travis
clard003,Clarke,Darren
robec002,Robertson,Connor
depaj003,DePaula,Julio
mahak001,Mahar,Kevin
murra001,Murray,A.J.
reynm001,Reynolds,Mark
joneg002,Jones,Garrett
litsj001,Litsch,Jesse
gomec002,Gomez,Carlos
vasqv001,Vasquez,Virgil
browm006,Brown,Matthew
desam001,DeSalvo,Matt
laroa002,LaRoche,Andy
linct001,Lincecum,Tim
herny001,Hernandez,Yoel
campa902,Campos,Angel
saltj001,Saltalamacchia,Jarrod
ariaa002,Arias,Alberto
butlb003,Butler,Billy
franb001,Francisco,Ben
salmb001,Salmon,Brad
doved001,Dove,Dennis
pench001,Pence,Hunter
jimek001,Jimenez,Kelvin
hughp001,Hughes,Phil
woodb003,Wood,Brandon
gonza004,Gonzalez,Andy
bradd002,Braden,Dallas
cherr001,Cherry,Rocky
putnd001,Putnam,Danny
vermj001,Vermilyea,Jamie
mussn001,Musser,Neal
schum001,Schultz,Mike
pie-f001,Pie,Felix
wrigc001,Wright,Chase
mcclz001,McClellan,Zach
vandr001,van den Hurk,Rick
dankj001,Danks,John
segoz001,Segovia,Zack
coutj001,Coutlangus,Jon
igawk001,Igawa,Kei
owinm001,Owings,Micah
bisej001,Bisenius,Joe
camek001,Cameron,Kevin
matsd001,Matsuzaka,Daisuke
burtj001,Burton,Jared
chicm001,Chico,Matt
florj002,Flores,Jesus
lindm001,Lindstrom,Matt
sorij001,Soria,Joakim
whits002,White,Sean
bardb001,Barden,Brian
castk001,Casto,Kory
morrb001,Morrow,Brandon
buckt001,Buck,Travis
deaza001,de Aza,Alejandro
dukee001,Dukes,Elijah
gorda001,Gordon,Alex
hamij003,Hamilton,Josh
iwama001,Iwamura,Akinori
kelld001,Kelly,Don
marsj001,Marshall,Jay
molig002,Molina,Gustavo
okajh001,Okajima,Hideki
speil001,Speigner,Levale
aponr801,Aponte,Ricardo
cadac801,Cadahia,Chino
dunna801,Dunn,Alan
longk801,Long,Kevin
sedae801,Sedar,Ed
skaaj801,Skaalen,Jim
strol801,Strode,Lester
smitj002,Smith,Joe
kigem001,Kiger,Mark
jimeu001,Jimenez,Ubaldo
gimeh001,Gimenez,Hector
humbp001,Humber,Philip
morij001,Morillo,Juan
hansd002,Hansack,Devern
rabem001,Rabelo,Mike
sanca005,Sanchez,Angel
jirsm801,Jirschele,Mike
miscp001,Misch,Pat
perkg001,Perkins,Glen
colia001,Colina,Alvin
sadlb001,Sadler,Billy
ariaj001,Arias,Joaquin
chict001,Chick,Travis
feier001,Feierabend,Ryan
fielj001,Fields,Josh
reyej002,Reyes,Jose
anded002,Anderson,Drew
garcj003,Garcia,Jose
jimec002,Jimenez,Cesar
owenj002,Owens,Jerry
hampj001,Hampson,Justin
youms001,Youman,Shane
navao001,Navarro,Oswaldo
burrb001,Burres,Brian
laraj001,Lara,Juan
maldc003,Maldonado,Carlos
narvc001,Narveson,Chris
campb002,Campbell,Brett
nelsj003,Nelson,John
perej001,Perez,Juan
yound004,Young,Delwyn
diazj002,Diaz,Jose
montm001,Montero,Miguel
stewc001,Stewart,Chris
canna001,Cannizaro,Andy
riggs001,Riggans,Shawn
salaj001,Salas,Juan
stule002,Stults,Eric
moors001,Moore,Scott
slatd001,Slaten,Doug
browj005,Brown,Jeremy
sarfd001,Sarfate,Dennis
stokb001,Stokes,Brian
braur001,Braun,Ryan
kouzk001,Kouzmanoff,Kevin
linda001,Lind,Adam
murpd005,Murphy,David
pereb001,Perez,Beltran
causk901,Causey,Kevin
casia001,Casilla,Alexi
lewif001,Lewis,Fred
rogeb001,Rogers,Brian
rottv001,Rottino,Vinny
sweer001,Sweeney,Ryan
hubej002,Huber,Jon
milla002,Miller,Andrew
tulot001,Tulowitzki,Troy
yound003,Young,Delmon
iannc001,Iannetta,Chris
hoeyj001,Hoey,Jim
bohnt001,Bohn,T.J.
coatb001,Coats,Buck
karsj001,Karstens,Jeff
pedrd001,Pedroia,Dustin
hoppn001,Hopper,Norris
hattj001,Hattig,John
romed001,Romero,Davis
younc004,Young,Chris
oflae001,O'Flaherty,Eric
omalr001,O'Malley,Ryan
davir003,Davis,Rajai
browa002,Brown,Andrew
hirsj001,Hirsh,Jason
garzm001,Garza,Matt
harpb002,Harper,Brandon
schrc001,Schroder,Chris
abrew001,Abreu,Winston
calla001,Callaspo,Alberto
veraj001,Veras,Jose
matej002,Mateo,Juan
sharj001,Sharpless,Josh
zobrb001,Zobrist,Ben
bourm001,Bourn,Michael
clevb001,Clevlen,Brent
komis002,Komine,Shane
mastt001,Mastny,Tom
rober002,Roberts,Ryan
johnj010,Johnson,Jim
albem001,Albers,Matt
gabbk001,Gabbard,Kason
dortm001,Dorta,Melvin
quenc001,Quentin,Carlos
corpm001,Corpas,Manuel
penat003,Pena,Tony
mosed001,Moseley,Dustin
rabej001,Rabe,Josh
windj001,Windsor,Jason
santc001,Santos,Chad
drews001,Drew,Stephen
gwynt002,Gwynn,Tony
jonea003,Jones,Adam
pelfm001,Pelfrey,Mike
lowem002,Lowe,Mark
neshp001,Neshek,Pat
owenh001,Owens,Henry
littw001,Littleton,Wes
kinnj001,Kinney,Josh
massn001,Masset,Nick
barrk001,Barry,Kevin
sanca004,Sanchez,Anibal
sowej001,Sowers,Jeremy
fulcj001,Fulchino,Jeff
inglj001,Inglett,Joe
mujie001,Mujica,Edward
barnc001,Barnwell,Chris
thors001,Thorman,Scott
beamt002,Beam,T.J.
maths001,Mathieson,Scott
billc001,Billingsley,Chad
stocp001,Stockman,Phil
barzp001,Barzilla,Philip
lestj001,Lester,Jon
rousm001,Rouse,Mike
tracs002,Tracey,Sean
jackz001,Jackson,Zach
marmc001,Marmol,Carlos
minez001,Miner,Zach
barrs901,Barry,Scott
alfoe002,Alfonzo,Eliezer
brayb001,Bray,Bill
tankt001,Tankersley,Taylor
thomk001,Thompson,Kevin
sampc001,Sampson,Chris
guzmj004,Guzman,Joel
sancb001,Sanches,Brian
pauld001,Pauley,David
shiej002,Shields,James
milll002,Milledge,Lastings
mabec001,Mabeus,Chris
gonze002,Gonzalez,Enrique
kempm001,Kemp,Matt
sancj002,Sanchez,Jonathan
weavj003,Weaver,Jered
costc001,Coste,Chris
hannj001,Hannahan,Jack
keppb001,Keppel,Bobby
rives001,Rivera,Saul
ramis001,Ramirez,Santiago
solea001,Soler,Alay
loewa001,Loewen,Adam
morak001,Morales,Kendrys
villc001,Villanueva,Carlos
bonsb001,Bonser,Boof
decay001,de Caster,Yurendell
taubt001,Taubenheim,Ty
pintr001,Pinto,Renyel
thomm004,Thompson,Mike
aybae001,Aybar,Erick
frute001,Fruto,Emiliano
petiy001,Petit,Yusmeiro
ryu-j001,Ryu,Jae Kuk
hamec001,Hamels,Cole
monta001,Montero,Agustin
robec001,Roberson,Chris
haegc001,Haeger,Charlie
estam901,Estabrook,Mike
rosaf001,Del Rosario,Francisco
ruizc001,Ruiz,Carlos
martr004,Martin,Russell
birkk001,Birkins,Kurt
murpt001,Murphy,Tommy
napom001,Napoli,Mike
ethia001,Ethier,Andre
grees004,Green,Sean
andrs002,Andrade,Steve
faheb001,Fahey,Brandon
frank001,Frandsen,Kevin
jansc001,Janssen,Casey
oconm001,O'Connor,Mike
guzma001,Guzman,Angel
kendh001,Kendrick,Howie
livib001,Livingston,Bobby
muchm901,Muchlinski,Mike
pradm001,Prado,Martin
wilsb001,Wilson,Brian
rheij001,Rheinecker,John
slocb001,Slocum,Brian
meyed003,Meyer,Drew
perer002,Perez,Rafael
johna901,Johnson,Adrian
ishit001,Ishikawa,Travis
carmf001,Carmona,Fausto
ramir003,Ramirez,Ramon
smitm006,Smith,Matt
penat002,Pena,Tony
britc001,Britton,Chris
moylp001,Moylan,Peter
hammj002,Hammel,Jason
marss002,Marshall,Sean
saitt001,Saito,Takashi
bucht001,Buchholz,Taylor
castf002,Castro,Fabio
eyrew001,Eyre,Willie
tataj001,Tata,Jordan
bannb001,Bannister,Brian
nolar001,Nolasco,Ricky
rleas001,Rleal,Sendy
aberr001,Abercrombie,Reggie
logab001,Logan,Boone
lonej001,Loney,James
nievf001,Nieve,Fernando
vavrj801,Vavra,Joe
barfj003,Barfield,Josh
chilj001,Childers,Jason
johjk001,Johjima,Kenji
kinsi001,Kinsler,Ian
lugor002,Lugo,Ruddy
markn001,Markakis,Nick
martc004,Martinez,Carlos
pagaa001,Pagan,Angel
reede001,Reed,Eric
uggld001,Uggla,Dan
zumaj001,Zumaya,Joel
beast801,Beasley,Tony
chavr801,Chaves,Rafael
ebeld801,Ebel,Dino
everb801,Evers,Bill
jamec002,James,Chuck
paulr001,Paulino,Ronny
sotog001,Soto,Geovany
espom001,Esposito,Mike
gorzt001,Gorzelanny,Tom
ramih003,Ramirez,Hanley
hansc001,Hansen,Craig
bullb001,Bullington,Bryan
garkr001,Garko,Ryan
herna003,Hernandez,Anderson
durfp901,Durfee,Peter
cruzn002,Cruz,Nelson
woodm003,Woodyard,Mark
cappm001,Capps,Matt
rupej001,Rupe,Josh
bubej001,Bubela,Jaime
bottj001,Botts,Jason
clard002,Clark,Doug
jimec001,Jimerson,Charlton
furmj001,Furmaniak,J.J.
therr001,Theriot,Ryan
ventm001,Vento,Mike
waina001,Wainwright,Adam
bowyt001,Bowyer,Travis
duncc002,Duncan,Chris
heinc001,Heintz,Chris
johnj009,Johnson,Josh
demac001,Demaria,Chris
nippd001,Nippert,Dustin
denoc001,Denorfia,Chris
perem003,Perez,Miguel
wilsj003,Wilson,Josh
grifj002,Griffin,John-Ford
johnt002,Johnson,Tyler
marcs001,Marcum,Shaun
myrob001,Myrow,Brian
rasnd001,Rasner,Darrell
younw001,Young,Walter
bookc001,Booker,Chris
lirif001,Liriano,Francisco
ortmd001,Ortmeier,Daniel
andir001,Andino,Robert
lerea001,Lerew,Anthony
hamut001,Hamulack,Tim
kuo-h001,Kuo,Hong-Chih
macha002,Machado,Alejandro
oxspc001,Oxspring,Chris
castb002,Castro,Bernie
zimmr001,Zimmerman,Ryan
aybaw001,Aybar,Willy
felds001,Feldman,Scott
gutif001,Gutierrez,Franklin
hermj001,Hermida,Jeremy
vanbj002,Van Buren,Jermaine
bynuf001,Bynum,Freddie
chava002,Chavez,Angel
mahop002,Maholm,Paul
volqe001,Volquez,Edinson
cainm001,Cain,Matt
bergj001,Bergmann,Jason
bulgj001,Bulger,Jason
brite001,Brito,Eude
jacom001,Jacobs,Mike
devij001,Devine,Joey
andeb003,Anderson,Brian
saunj001,Saunders,Joe
goffm801,Goff,Mike
mathj001,Mathis,Jeff
freia001,Freire,Alejandro
reyea002,Reyes,Anthony
watsb002,Watson,Brandon
jorgr001,Jorgensen,Ryan
hernf002,Hernandez,Felix
harrj001,Harris,Jeff
papej001,Papelbon,Jonathan
quino001,Quintanilla,Omar
mcgod001,McGowan,Dustin
broxj001,Broxton,Jonathan
betay001,Betancourt,Yuniesky
jackc002,Jackson,Conor
delcm001,Delcarmen,Manny
gallj001,Gall,John
bresc001,Breslow,Craig
eldrb001,Eldred,Brad
mcbrm001,McBride,Macay
ambrc001,Ambres,Chip
hensc002,Hensley,Clay
rodrj002,Rodriguez,John
sandd003,Sandoval,Danny
eveld001,Eveland,Dana
spilr001,Spilborghs,Ryan
vargj001,Vargas,Jason
greea002,Greenberg,Adam
hoopk001,Hooper,Kevin
murtm001,Murton,Matt
cabrm002,Cabrera,Melky
franj004,Francoeur,Jeff
stera001,Stern,Adam
mosec901,Moser,Casey
jenkb001,Jenks,Bobby
cortf001,Cortez,Fernando
white004,Whiteside,Eli
verlj001,Verlander,Justin
delld901,Dellinger,Dusty
dukez001,Duke,Zach
mclon001,McLouth,Nate
resoc001,Resop,Chris
johnb003,Johnson,Ben
reesk001,Reese,Kevin
shacb001,Shackelford,Brian
olses001,Olsen,Scott
encae001,Encarnacion,Edwin
mcanp001,McAnulty,Paul
messr001,Messenger,Randy
baylj001,Bayliss,Jonah
hubej001,Huber,Justin
meddb001,Medders,Brandon
florr002,Flores,Ron
shaba001,Shabala,Adam
hillr001,Hill,Rich
corct002,Corcoran,Tim
ray-c001,Ray,Chris
shear001,Shealy,Ryan
fielp001,Fielder,Prince
boyeb001,Boyer,Blaine
howej003,Howell,J.P.
tascj001,Taschner,Jack
mccab002,McCann,Brian
shorr001,Short,Rick
wilsc004,Wilson,C.J.
marta004,Marte,Andy
mcdom001,McDougall,Marshall
osorf001,Osoria,Franquelis
willg003,Williams,Glenn
doumr001,Doumit,Ryan
sheld801,Shelton,Derek
costs001,Costa,Shane
giart001,Giarratano,Tony
koroj001,Koronka,John
morsm001,Morse,Michael
orvec001,Orvella,Chad
calzn001,Calzado,Napoleon
johnk003,Johnson,Kelly
pennh001,Penn,Hayden
shopk001,Shoppach,Kelly
thomd002,Thompson,Derek
garae001,Garabito,Eddy
godwt001,Godwin,Tyrell
johnd004,Johnson,Dan
bazay001,Bazardo,Yorman
stems001,Stemle,Steve
peraj002,Peralta,Joel
penab002,Pena,Brayan
rodrw002,Rodriguez,Wandy
mccab001,McCarthy,Brandon
davik002,Davies,Kyle
rodrl002,Rodriguez,Luis
campj002,Campillo,Jorge
hilla001,Hill,Aaron
sante001,Santana,Ervin
burnm001,Burns,Mike
fiorj001,Fiorentino,Jeffrey
selft001,Self,Todd
munts001,Munter,Scott
reedk001,Reed,Keith
staut001,Stauffer,Tim
roblo001,Robles,Oscar
tejer001,Tejeda,Rob
bergw001,Bergolla,William
nunel001,Nunez,Leo
merec001,Meredith,Cla
sadlr001,Sadler,Ray
thomb002,Thompson,Brad
bakes002,Baker,Scott
accaj001,Accardo,Jeremy
henns001,Henn,Sean
astae001,Astacio,Ezequiel
canor001,Cano,Robinson
lopep001,Lopez,Pedro
wangc001,Wang,Chien-Ming
ringr001,Ring,Royce
beanc001,Bean,Colter
burga001,Burgos,Ambiorix
ceder002,Cedeno,Ronny
reint901,Reininger,Travis
choos001,Choo,Shin-Soo
cofft001,Coffey,Todd
gassd001,Gassner,Dave
fontm001,Fontenot,Mike
nakan001,Nakamura,Norihiro
hould001,Houlton,D.J.
yabuk001,Yabu,Keiichi
woodj002,Woods,Jake
duffc001,Duffy,Chris
carvm001,Carvajal,Marcos
repkj001,Repko,Jason
schms001,Schmoll,Steve
streh001,Street,Huston
orr-p001,Orr,Pete
scotl001,Scott,Luke
debuj801,Debus,Jon
doral801,Dorante,Luis
bakej001,Baker,Jeff
blant001,Blanco,Tony
hardj003,Hardy,J.J.
iguct001,Iguchi,Tadahito
koo-d001,Koo,Dae-Sung
sisca001,Sisco,Andy
speir001,Speier,Ryan
sullc001,Sullivan,Cory
teahm001,Teahen,Mark
contg801,Conti,Guy
dancb801,Dancy,Bill
hietj001,Hietpas,Joe
knoej001,Knoedler,Justin
rosem001,Rose,Mike
fairc901,Fairchild,Chad
hught001,Hughes,Travis
loe-k001,Loe,Kameron
river003,Rivera,Rene
blanj001,Blanton,Joe
crucf001,Cruceta,Francisco
leagb001,League,Brandon
chacg001,Chacin,Gustavo
robbj001,Robbins,Jake
murpd004,Murphy,Donnie
labaj001,Labandeira,Josh
dennk001,Denney,Kyle
meyed002,Meyer,Dan
phila001,Phillips,Andy
granc001,Granderson,Curtis
capej001,Capellan,Jose
rabur001,Raburn,Ryan
diazv001,Diaz,Victor
dunns002,Dunn,Scott
willr003,Williams,Randy
kensl001,Kensing,Logan
mcphd001,McPherson,Dallas
alfaj001,Alfaro,Jason
goslm001,Gosling,Mike
philp001,Phillips,Paul
urdal001,Urdaneta,Lino
calic001,Cali,Carmen
dobbg001,Dobbs,Greg
durbj001,Durbin,J.D.
rakea001,Rakers,Aaron
reedj004,Reed,Jeremy
navad001,Navarro,Dioner
valdw001,Valdez,Wilson
lopem002,Lopez,Mickey
tavew001,Taveras,Willy
bajej001,Bajenaru,Jeff
croze001,Crozier,Eric
quirg001,Quiroz,Guillermo
adamr002,Adams,Russ
floyg001,Floyd,Gavin
swisn001,Swisher,Nick
kroej001,Kroeger,Josh
howar001,Howard,Ryan
krynd001,Krynzel,Dave
tifft001,Tiffee,Terry
kubej002,Kubel,Jason
guthj001,Guthrie,Jeremy
broof001,Brooks,Frank
iztum001,Izturis,Maicer
lirip001,Liriano,Pedro
majeg001,Majewski,Gary
franj003,Francis,Jeff
bellh001,Bell,Heath
younc003,Young,Chris
kazms001,Kazmir,Scott
gil-j001,Gil,Jerry
gissc001,Gissell,Chris
mclem002,McLeary,Marty
churr001,Church,Ryan
color001,Colon,Roman
snydc002,Snyder,Chris
watks002,Watkins,Steve
cabrf002,Cabrera,Fernando
keppj001,Keppinger,Jeff
majev001,Majewski,Val
sneli001,Snell,Ian
vanbj001,Van Benschoten,John
brazc001,Brazell,Craig
guzmf001,Guzman,Freddy
delaj001,de la Rosa,Jorge
nunef001,Nunez,Franklin
vasqj001,Vasquez,Jorge
garcj002,Casilla,Santiago
baekc001,Baek,Cha-Seung
grosg002,Gross,Gabe
hennb001,Hennessey,Brad
piedj001,Piedra,Jorge
serrj001,Serrano,Jimmy
snarr001,Snare,Ryan
brazy001,Brazoban,Yhency
craij001,Crain,Jesse
bartj001,Bartlett,Jason
gotar001,Gotay,Ruben
uptob001,Upton,Melvin
webbj001,Webb,John
valdm003,Valdez,Merkin
lopej003,Lopez,Jose
narrs001,Narron,Sam
novor002,Novoa,Roberto
mainj001,Maine,John
mcarj901,McArdle,John
alvaa001,Alvarez,Abe
qualc001,Qualls,Chad
logan001,Logan,Nook
madrb001,Madritsch,Bobby
sizeg001,Sizemore,Grady
wrigd002,Wright,David
cantj001,Cantu,Jorge
jacob002,Jacobsen,Bucky
padij001,Padilla,Juan
sherg001,Sherrill,George
hickj801,Hickey,Jim
marss001,Marsonek,Sam
ericm001,Erickson,Matt
regin001,Regilio,Nick
harrb001,Harris,Brendan
willj004,Willingham,Josh
burkc001,Burke,Chris
aquig001,Aquino,Greg
bushd001,Bush,David
leonj003,Leone,Justin
jonet801,Jones,Tommy
blact001,Blackley,Travis
closj001,Closser,JD
fortb001,Fortunato,Bartolome
hills003,Hill,Shawn
aguic001,Aguila,Chris
thorm001,Thornton,Matt
buckj001,Buck,John
gathj001,Gathright,Joey
mccos001,McConnell,Sam
petea002,Peterson,Adam
thomc001,Thomas,Charles
castr003,Castro,Ramon
lehrj001,Lehr,Justin
tonim001,Tonis,Mike
corml001,Cormier,Lance
halsb001,Halsey,Brad
munoa001,Munoz,Arnie
guerm001,Guerrier,Matt
horgj001,Horgan,Joe
bergd003,Bergman,Dusty
leicj001,Leicester,Jon
freec001,Freeman,Choo
moliy001,Molina,Yadier
hendb001,Hendrickson,Ben
tream001,Treanor,Matt
nagec001,Nageotte,Clint
rodre002,Rodriguez,Eddy
burns001,Burnett,Sean
knotj001,Knott,Jon
olsot001,Olson,Tim
gettb001,Gettis,Byron
riosa002,Rios,Alex
bautd002,Bautista,Denny
domia001,Dominique,Andy
hartc001,Hart,Corey
ramie002,Ramirez,Elizardo
germj001,Germano,Justin
greiz001,Greinke,Zack
marta003,Martinez,Anastacio
browj004,Brown,Jamie
duboj001,Dubois,Jason
adamm001,Adams,Mike
simpa001,Simpson,Allan
bartc001,Bartosh,Cliff
dohms001,Dohmann,Scott
green001,Green,Nick
youkk001,Youkilis,Kevin
franf001,Francisco,Frank
cabrd001,Cabrera,Daniel
diazf001,Diaz,Felix
jostm901,Jost,Mike
kotcc001,Kotchman,Casey
brunb001,Bruney,Brian
hairs001,Hairston,Scott
devod001,DeVore,Doug
hensm001,Hensley,Matt
hawpb001,Hawpe,Brad
ville001,Villacis,Eduardo
armer901,Armendariz,Ramon
mcdod002,McDonald,Darnell
dallb001,Dallimore,Brian
gracf001,Gracesqui,Frank
fullt901,Fullwood,Troy
tadak001,Tadano,Kazuhito
pascv001,Pascucci,Val
huisj001,Huisman,Justin
saenc001,Saenz,Chris
dinal001,DiNardo,Lenny
tracc001,Tracy,Chad
grama001,Graman,Alex
procs001,Proctor,Scott
gonza003,Gonzalez,Adrian
blana001,Blanco,Andres
frasj002,Frasor,Jason
hollm001,Holliday,Matt
seibp001,Seibel,Phil
shelc001,Shelton,Chris
szumj001,Szuminski,Jason
daigc001,Daigle,Casey
takas001,Takatsu,Shingo
yatet001,Yates,Tyler
lunah001,Luna,Hector
bentc001,Bentz,Chad
castj005,Castillo,Jose
johnm005,Johnston,Mike
laroa001,LaRoche,Adam
ponds001,Pond,Simon
thomr005,Thompson,Rich
aardd001,Aardsma,David
bennj002,Bennett,Jeff
gonzl004,Gonzalez,Luis
matsk001,Matsui,Kazuo
otsua001,Otsuka,Akinori
sledt001,Sledge,Terrmel
camps002,Camp,Shawn
mauej001,Mauer,Joe
wuerm001,Wuertz,Michael
poldb801,Poldberg,Brian
whisr801,Whisler,Randy
bautj002,Bautista,Jose
housj001,House,J.R.
macha001,Machado,Anderson
madsr001,Madson,Ryan
edwam001,Edwards,Mike
koong001,Koonce,Graham
weekr001,Weeks,Rickie
glavm001,Glavine,Mike
grabj002,Grabow,John
gomej001,Gomes,Jonny
watsm002,Watson,Matt
milea001,Miles,Aaron
bootc001,Bootcheck,Chris
chapt001,Chapman,Travis
jacke001,Jackson,Edwin
cerrj001,Cerros,Juan
chulv001,Chulk,Vinnie
belim001,Belisle,Matt
hernm002,Hernandez,Michel
sardd001,Sardinha,Dane
barmc001,Barmes,Clint
depaj002,de Paula,Jorge
gregt002,Gregorio,Tom
hillk002,Hill,Koyie
lowrn001,Lowry,Noah
niekl001,Niekro,Lance
zoccp001,Zoccolillo,Peter
greek002,Greene,Khalil
martl001,Martinez,Luis
quinh001,Quintero,Humberto
sancf002,Sanchez,Felix
crosb002,Crosby,Bobby
dejed001,DeJesus,David
garcd002,Garcia,Daniel
lafop001,LaForest,Pete
stroj002,Strong,Jamal
bower002,Bowen,Rob
cordc001,Cordero,Chad
gearg001,Geary,Geoff
waecd001,Waechter,Doug
hummt001,Hummel,Tim
rands002,Randall,Scott
chamj001,Chamblee,Jim
redmp001,Redman,Prentice
schmb001,Schmack,Brian
valej005,Valentine,Joe
hessm001,Hessman,Mike
woodm002,Wood,Mike
lindt001,Linden,Todd
sweeb001,Sweeney,Brian
adkij001,Adkins,Jon
stend001,Stenson,Dernell
cottn001,Cotts,Neal
domij001,Dominguez,Juan
gonzm001,Gonzalez,Mike
putzj001,Putz,J.J.
gregk001,Gregg,Kevin
depaj001,Depastino,Joe
atkig001,Atkins,Garrett
budzm001,Budzinski,Mark
gobbj001,Gobble,Jimmy
hallj002,Hall,Josh
loopa001,Looper,Aaron
mannd001,Manning,David
switj001,Switzer,Jon
gaudc001,Gaudin,Chad
corcr001,Corcoran,Roy
joneg001,Jones,Greg
nivar001,Nivar,Ramon
quinr002,Quinlan,Robb
berrm801,Berry,Mark
priea002,Prieto,Alex
tsaoc001,Tsao,Chin-hui
jonej004,Jones,Jason
mitrs001,Mitre,Sergio
reyer001,Reyes,Rene
hardr001,Harden,Rich
diazm003,Diaz,Matt
wagnr001,Wagner,Ryan
malam001,Malaska,Mark
betar001,Betancourt,Rafael
corrk001,Correia,Kevin
nix-l001,Nix,Laynce
terrl001,Terrero,Luis
aschd901,Aschwege,Dave
almoe002,Almonte,Edwin
hebsb001,Hebson,Bryan
stanj002,Stanford,Jason
rossc001,Ross,Cody
gallm002,Gallo,Mike
smits001,Smitherman,Stephen
hared001,Haren,Dan
jourj001,Journell,Jimmy
mearc001,Mears,Chris
bumpn001,Bump,Nate
claub001,Claussen,Brandon
brune001,Bruntlett,Eric
matrd001,Matranga,Dave
millm002,Miller,Matt
heila001,Heilman,Aaron
rivec001,Rivera,Carlos
rosar001,Rosario,Rodrigo
valdc002,Valderrama,Carlos
cabrm001,Cabrera,Miguel
hartb001,Hart,Bo
ramom001,Ramos,Mario
santf002,Santos,Francisco
katam001,Kata,Matt
roacj001,Roach,Jason
mount001,Mounce,Tony
peraj001,Peralta,Jhonny
mornj001,Morneau,Justin
reyej001,Reyes,Jose
keltd001,Kelton,David
walrl001,Walrond,Les
hoyej901,Hoye,James
ferra001,Ferrari,Anthony
nakam001,Nakamura,Micheal
grifj001,Griffiths,Jeremy
manoj001,Manon,Julio
sorez001,Sorensen,Zach
gonze001,Gonzalez,Edgar
valvj001,Valverde,Jose
portc002,Porter,Colin
crosb001,Crosby,Bubba
fordl001,Ford,Lew
whitm003,White,Matt
olmer001,Olmedo,Ray
bay-j001,Bay,Jason
mendc002,Mendez,Carlos
duncj001,Duncan,Jeff
ojedm001,Ojeda,Miguel
balsd801,Balsley,Darren
gilfj001,Gilfillan,Jason
wellt002,Wellemeyer,Todd
perea001,Perez,Antonio
younj002,Young,Jason
deagr001,Deago,Roger
ellij001,Ellison,Jason
willd003,Willis,Dontrelle
blann001,Bland,Nate
capuc001,Capuano,Chris
lairg001,Laird,Gerald
ramie001,Ramirez,Erasmo
geruj001,Gerut,Jody
johng001,Johnson,Gary
vargc001,Vargas,Claudio
willj003,Williams,Jerome
sandd002,Sanders,David
webbb001,Webb,Brandon
garcr004,Garcia,Rosman
gooda001,Good,Andrew
johnr008,Johnson,Reed
foppj001,Foppert,Jesse
ohmek001,Ohme,Kevin
hammr001,Hammock,Robby
neu-m001,Neu,Michael
morbj001,Morban,Jose
stewj001,Stewart,Josh
trabb001,Traber,Billy
utlec001,Utley,Chase
colys001,Colyer,Steve
bondj001,Bonderman,Jeremy
calek001,Calero,Kiko
carrd001,Carrasco,D.J.
cruze001,Cruz,Enrique
fordm001,Ford,Matt
ledew001,Ledezma,Wil
lopea003,Lopez,Aquilino
ramih002,Ramirez,Horacio
ronem001,Roney,Matt
spurc001,Spurling,Chris
victs001,Victorino,Shane
lopej002,Lopez,Javier
teixm001,Teixeira,Mark
hamim801,Hamilton,Mike
andej003,Anderson,Jason
ayall001,Ayala,Luis
callr001,Calloway,Ron
contj002,Contreras,Jose
johnr007,Johnson,Rontrez
matsh001,Matsui,Hideki
mccls002,McClung,Seth
phelt002,Phelps,Tommy
rands001,Randolph,Steve
villo001,Villarreal,Oscar
rojae801,Rojas,Euky
dawlj001,Dawley,Joey
prata001,Pratt,Andy
grabj001,Grabowski,Jason
mckac001,McKay,Cody
vancc001,Vance,Cory
oberw001,Obermueller,Wes
ryanm001,Ryan,Mike
duboe001,DuBose,Eric
kozlb001,Kozlowski,Ben
restm001,Restovich,Michael
rodrf003,Rodriguez,Francisco
seart001,Sears,Todd
tallb001,Tallet,Brian
lee-c003,Lee,Cliff
olivm001,Olivo,Miguel
chenc001,Chen,Chin-Feng
brazd001,Brazelton,Dewon
herra001,Herrera,Alex
philb001,Phillips,Brandon
strap001,Strange,Pat
lunst001,Lunsford,Trey
carrj001,Carroll,Jamey
junge001,Junge,Eric
wiggs001,Wiggins,Scott
allel001,Allen,Luke
hancj001,Hancock,Josh
hodgt001,Hodges,Trey
louxs001,Loux,Shane
martv001,Martinez,Victor
penaw001,Pena,Wily Mo
sancf001,Sanchez,Freddy
davij005,Davis,Jason
eckee001,Eckenstahler,Eric
tayla001,Taylor,Aaron
byrdm001,Byrd,Marlon
shiej001,Shiell,Jason
germf001,German,Franklyn
hillj001,Hill,Jeremy
infao001,Infante,Omar
roben001,Robertson,Nate
bechs001,Bechler,Steve
hensd001,Henson,Drew
rogee001,Rogers,Eddie
alvat002,Alvarez,Tony
davij004,Davis,J.J.
felip002,Feliciano,Pedro
choih001,Choi,Hee-Seop
nunea002,Nunez,Abraham
pembd001,Pember,Dave
rushj001,Rushford,Jim
sneae001,Snead,Esix
vanha001,Van Hekken,Andy
waynj001,Wayne,Justin
borcj001,Borchard,Joe
diggb001,Diggins,Ben
robej001,Robertson,Jeriome
thurj001,Thurston,Joseph
bloow001,Bloomquist,Willie
hallb001,Hall,Bill
ruanw001,Ruan,Wilkin
wertj001,Werth,Jayson
condc001,Condrey,Clay
figgc001,Figgins,Chone
nancs001,Nance,Shane
rodrr005,Rodriguez,Ricardo
hartj002,Hart,Jason
bynum001,Bynum,Mike
crisc001,Crisp,Coco
pellk001,Pellow,Kit
cooka002,Cook,Aaron
hafnt001,Hafner,Travis
hendm001,Hendrickson,Mark
smyts001,Smyth,Steve
chilm001,Childers,Matt
josek001,Joseph,Kevin
cepim001,Cepicky,Matthew
sadlc001,Sadler,Carl
alvav001,Alvarez,Victor
duffm001,Duff,Matt
stepj001,Stephens,John
bevej001,Beverlin,Jason
torct001,Torcato,Tony
kersj001,Kershner,Jason
elded001,Elder,Dave
hudso001,Hudson,Orlando
myerb001,Myers,Brett
nievw001,Nieves,Wil
scutm001,Scutaro,Marco
seo-j001,Seo,Jae Weong
crawc002,Crawford,Carl
delol002,de los Santos,Luis
pattj004,Patterson,John
backb001,Backe,Brandon
garcr003,Garcia,Reynaldo
fredk001,Frederick,Kevin
hernr003,Hernandez,Runelvys
wessb001,Wesson,Barry
bukvr001,Bukvich,Ryan
walkt003,Walker,Tyler
hudsl001,Hudson,Luke
rossd001,Ross,David
beltf001,Beltran,Francis
cerdj001,Cerda,Jaime
lackj001,Lackey,John
cyr-e001,Cyr,Eric
broub001,Broussard,Ben
guiea001,Guiel,Aaron
peavj001,Peavy,Jake
saark001,Saarloos,Kirk
sedls001,Sedlacek,Shawn
dowda901,Dowdy,Adam
gomea001,Gomez,Alexis
leonj002,Leon,Jose
pereo002,Perez,Oliver
day-z001,Day,Zach
sancd001,Sanchez,Duaner
diazj001,Diaz,Juan
duroj001,Durocher,Jayson
trujj001,Trujillo,J.J.
tagus001,Taguchi,So
marom001,Maroth,Mike
ludwr001,Ludwick,Ryan
pearj002,Pearson,Jason
jimej002,Jimenez,Jason
matoj001,Matos,Julius
haraa001,Harang,Aaron
snelc001,Snelling,Chris
ameza001,Amezaga,Alfredo
gardl001,Gardner,Lee
kellk002,Keller,Kris
germe001,German,Esteban
pelaa001,Pelaez,Alex
pickk001,Pickford,Kevin
wiggt001,Wigginton,Ty
nelsb001,Nelson,Bry
hillb001,Hill,Bobby
lanej001,Lane,Jason
sorir001,Soriano,Rafael
tankd001,Tankersley,Dennis
kayej001,Kaye,Justin
matej001,Mateo,Julio
rodnf001,Rodney,Fernando
simoj001,Simontacchi,Jason
teutn001,Teut,Nate
britj002,Brito,Juan
howab001,Howard,Ben
langr002,Langerhans,Ryan
snyde001,Snyder,Earl
drist001,Driskill,Travis
lidgb001,Lidge,Brad
smitm005,Smith,Michael
fostj001,Foster,John
bongj001,Bong,Jung
florr001,Flores,Randy
izquh001,Izquierdo,Hansel
spagd901,Spagnardi,Darren
pearj001,Pearce,Josh
colob001,Colon,Bartolo
bedae001,Bedard,Erik
fitzb001,Fitzgerald,Brian
keara001,Kearns,Austin
puffb001,Puffer,Brandon
romaj002,Romano,Jason
jamed002,James,Delvin
wrigr002,Wright,Ron
grybk001,Gryboski,Kevin
fieln001,Field,Nate
mallb002,Mallette,Brian
millj002,Miller,Justin
morim001,Moriarty,Mike
crudm001,Crudale,Mike
ennij001,Ennis,John
garcl003,Garcia,Luis
salao001,Salazar,Oscar
donnb001,Donnelly,Brendan
ellim001,Ellis,Mark
menck001,Mench,Kevin
lawrj001,Lawrence,Joe
torra001,Torres,Andres
affej001,Affeldt,Jeremy
asenm001,Asencio,Miguel
ishik001,Ishii,Kazuhisa
thurc001,Thurman,Corey
escaf001,Escalona,Felix
kents001,Kent,Steven
komis001,Komiyama,Satoru
peart001,Pearson,Terry
sosaj002,Sosa,Jorge
farnj001,Farnsworth,Jeff
nomut001,Nomura,Takahito
uguel001,Ugueto,Luis
burrs001,Burroughs,Sean
raucj001,Rauch,Jon
blalh001,Blalock,Hank
casss001,Cassidy,Scott
lewic001,Lewis,Colby
silvc001,Silva,Carlos
barnm801,Barnett,Mike
haled801,Hale,DeMarlo
knifc801,Kniffin,Chuck
kranr801,Kranitz,Rick
lidds801,Liddle,Steve
sobks001,Sobkowiak,Scott
huckk001,Huckaby,Ken
torrs002,Torrealba,Steve
corem001,Corey,Mark
raint002,Raines,Tim
custj001,Cust,Jack
cuddm001,Cuddyer,Michael
macdm001,MacDougal,Mike
rodrw001,Rodriguez,Wilfredo
stonr001,Stone,Ricky
chias002,Chiasson,Scott
fernj002,Fernandez,Jared
loftj001,Lofton,James
overl001,Overbay,Lyle
philj003,Phillips,Jason
berra001,Berroa,Angel
betew001,Betemit,Wilson
harvk001,Harvey,Ken
rivem003,Rivera,Mike
middj001,Middlebrook,Jason
abada001,Abad,Andy
bergb001,Berger,Brandon
cotah001,Cota,Humberto
puntn001,Punto,Nick
gil-g001,Gil,Geronimo
hoovp001,Hoover,Paul
santa002,Santos,Angel
voylb001,Voyles,Brad
olsek001,Olsen,Kevin
orteb001,Ortega,Bill
vazqr001,Vazquez,Ramon
koplm001,Koplove,Mike
ainsk001,Ainsworth,Kurt
aldrc001,Aldridge,Cory
leacj001,Leach,Jalal
penac001,Pena,Carlos
ransc001,Ransom,Cody
spoot001,Spooneybarger,Tim
torry001,Torrealba,Yorvit
almoe001,Almonte,Erick
beckj002,Beckett,Josh
magrc001,Magruder,Chris
millc001,Miller,Corky
rivej001,Rivera,Juan
wakec001,Wakeland,Chris
nealb001,Neal,Blaine
bauer001,Bauer,Rick
foggj001,Fogg,Josh
harrw001,Harris,Willie
miadb001,Miadich,Bart
knote001,Knott,Eric
pierc001,Piersoll,Chris
mohrd001,Mohr,Dustan
encam001,Encarnacion,Mario
baezb001,Baez,Benito
jennj001,Jennings,Jason
cruzj005,Cruz,Juan
johnn001,Johnson,Nick
zambc001,Zambrano,Carlos
neugn001,Neugebauer,Nick
hernc004,Hernandez,Carlos
fikaj001,Fikac,Jeremy
seayb001,Seay,Bobby
benoj001,Benoit,Joaquin
cornn001,Cornejo,Nate
duckb001,Duckworth,Brandon
sandj001,Sandberg,Jared
bacsm001,Bacsik,Michael
lyonb003,Lyon,Brandon
pinel001,Pineda,Luis
fostk002,Foster,Kris
lopef001,Lopez,Felipe
hernj003,Herndon,Junior
dresr001,Drese,Ryan
stanj001,Standridge,Jason
fossc001,Fossum,Casey
knotg001,Knotts,Gary
mateh001,Mateo,Henry
monrc001,Monroe,Craig
wrigd001,Wright,Dan
georc002,George,Chris
duchj001,Duchscherer,Justin
macrs001,MacRae,Scott
balfg001,Balfour,Grant
dunna001,Dunn,Adam
jodib001,Jodie,Brett
dougs001,Douglass,Sean
gandg001,Gandarillas,Gus
coolm001,Coolbaugh,Mike
johna001,Johnson,Adam
petta002,Pettyjohn,Adam
santp001,Santana,Pedro
wilkb002,Wilkerson,Brad
podss001,Podsednik,Scott
butlb002,Butler,Brent
bowlb001,Bowles,Brian
figul001,Figueroa,Luis
austj002,Austin,Jeff
aberb001,Abernathy,Brent
reddt001,Redding,Tim
bigbl001,Bigbie,Larry
iztuc001,Izturis,Cesar
lohsk001,Lohse,Kyle
coloj001,Colome,Jesus
zambv001,Zambrano,Victor
acevj002,Acevedo,Jose
mattt001,Mattes,Troy
claps001,Clapp,Stubby
smitj001,Smith,Jason
nelss901,Nelson,Scott
davil001,Davis,Lance
pattj003,Patterson,Jarrod
rowaa001,Rowand,Aaron
kim-s001,Kim,Sun-Woo
sanca003,Sanchez,Alex
robeb003,Roberts,Brian
nelsj002,Nelson,Joe
smitb004,Smith,Bud
valee002,Valent,Eric
biern001,Bierbrodt,Nick
rincj001,Rincon,Juan
kennj001,Kennedy,Joe
willd002,Williams,David
knigb001,Knight,Brandon
fuenb001,Fuentes,Brian
spivj001,Spivey,Junior
brumc001,Brumbaugh,Cliff
chave002,Chavez,Endy
cresc001,Crespo,Cesar
kellk901,Kelley,Kevin
shies002,Shields,Scot
smitr004,Smith,Roy
thomb001,Thomas,Brad
samuj901,Samuels,Jack
vinik001,Vining,Ken
jensr001,Jensen,Ryan
mackr001,Macko,Rob
wilst003,Wilson,Tom
morej001,Moreno,Juan
reitb001,Reith,Brian
estrj001,Estrada,Johnny
baezd001,Baez,Danys
serrw001,Serrano,Wascar
lukam001,Lukasiewicz,Mark
burkj003,Burke,Jamie
escoa002,Escobar,Alex
millm001,Miller,Matt
knigb901,Knight,Brian
oswar001,Oswalt,Roy
larsb001,Larson,Brandon
ostij001,Osting,Jimmy
towej001,Towers,Josh
gonzd002,Gonzalez,Dicky
chacs001,Chacon,Shawn
lopel003,Lopez,Luis
julij001,Julio,Jorge
mossd001,Moss,Damian
dickr001,Dickey,R.A.
prinb001,Prinz,Bret
wilsc003,Wilson,Craig
chrit001,Christman,Tim
herna002,Hernandez,Adrian
karnj001,Karnuth,Jason
mcdod001,McDonald,Donzell
phelt001,Phelps,Travis
paroc001,Paronto,Chad
gilem001,Giles,Marcus
lawrb001,Lawrence,Brian
broht001,Brohawn,Troy
fileb001,File,Bob
barnl001,Barnes,Larry
kielb001,Kielty,Bobby
santv001,Santos,Victor
beimj001,Beimel,Joe
sabac001,Sabathia,CC
seabs001,Seabol,Scott
uribj002,Uribe,Juan
atchj001,Atchley,Justin
grees003,Green,Steve
gibbj002,Gibbons,Jay
michj001,Michaels,Jason
parkc003,Parker,Christian
mendd001,Mendez,Donaldo
sheeb001,Sheets,Ben
stews003,Stewart,Scott
freer001,Freel,Ryan
hutcc001,Hutchinson,Chad
reitc001,Reitsma,Chris
clarj003,Clark,Jermaine
ecksd001,Eckstein,David
ingeb001,Inge,Brandon
nunej002,Nunez,Jose
shint001,Shinjo,Tsuyoshi
wilsj002,Wilson,Jack
cogat001,Cogan,Tony
duncc001,Duncan,Courtney
hills002,Hillenbrand,Shea
orope001,Oropesa,Eddie
pujoa001,Pujols,Albert
suzui001,Suzuki,Ichiro
denbg801,Denbo,Gary
kelld801,Keller,Dave
myerd801,Myers,Dave